eventID,parentEventID,eventRemarks,eventDate,modified,type,habitat,decimalLatitude,decimalLongitude,minimumDepthInMeters,maximumDepthInMeters,verbatimCoordinateSystem,geodeticDatum,footprintWKT
660,,NEPTUNE 2018-07 Nautilus,2018-07-21T00:00:00Z/2018-08-05T00:00:00Z,2020-03-29T19:34:38Z,Event,water surface,,,,,EPSG::5831,WGS40,
2741,660,"H1696, Deploy new MEF BARS (DeviceID: 15002) at Grotto; Recover old BARS (DeviceID: 24026) at Grotto; Search for missing Sediment Trap (DeviceID: 12005) east of MEF site; Sample benthic megafauna; Obtain pushcores; Find missing USBL beacon",2018-07-28T10:57:18Z/2018-07-28T22:08:10Z,2020-07-28T22:44:00Z,Event,water column,47.85035,-128.02909,-0.6,2661.7,EPSG::5831,WGS40,"POLYGON ((-130.000238 46.999910, -126.057941 46.999910, -130.000238 48.700794, -126.057941 48.700794))"
552751,2741,CHORDATE fish; ARTHROPOD [many shrimp-like organisms],2018-07-28T11:06:31Z,2018-12-05T22:48:08Z,Text,water column,47,-129.9998,84.9,84.9,EPSG::5831,WGS40,
552891,2741,CHORDATE Myctophidae fish,2018-07-28T11:14:03Z,2018-12-05T22:50:14Z,Text,water column,47.00001,-129.99998,253.9,253.9,EPSG::5831,WGS40,
553131,2741,CNIDARIAN dinner plate jellyfish (Solmissus sp.),2018-07-28T11:51:15Z,2018-12-05T22:58:40Z,Text,water column,46.99999,-129.99999,1185,1185,EPSG::5831,WGS40,
5037800,2741,CHORDATE Larvacean,2018-07-28T11:36:08Z,2018-12-05T22:54:20Z,Text,water column,46.99999,-129.99999,804.9,804.9,EPSG::5831,WGS40,
5037810,2741,CHORDATE pyrosome,2018-07-28T11:39:01Z,2018-12-05T22:54:25Z,Text,water column,46.99999,-129.99999,876.6,876.6,EPSG::5831,WGS40,
5038830,2741,CHORDATE Rattail (Coryphaenoides sp.),2018-07-28T18:20:46Z,2018-12-05T23:32:34Z,Text,benthos,47.94876,-129.0985,2193,2193,EPSG::5831,WGS40,
2731,660,"AH1696, Deploy new MEF BARS (DeviceID: 15002) at Grotto; Recover old BARS (DeviceID: 24026) at Grotto; Search for missing Sediment Trap (DeviceID: 12005) east of MEF site; Sample benthic megafauna; Obtain pushcores; Find missing USBL beacon",2018-07-28T10:57:18Z/2018-07-28T22:08:10Z,2020-07-28T10:11:55Z,Event,water column,47.85035,-128.02909,,,EPSG::5831,WGS40,"POLYGON ((-130.000238, 46.999910, -126.057941 46.999910, -130.000238 48.700794, -126.057941 48.700794))"
1950,660,"H1698, Vertical ROV video transect @ 10 m/min descent/ascent rate – 1st 1000 m; CORK 1364A (DeviceID: 23181) Hydrostatic Test; Install Caisson w/ Titan (DeviceID: 24432) with Honeywell Orientation (DeviceID: 23680); Obtain 5 push cores; Conduct bottom video transects; Recover Titan (DeviceID: 23454) with Honeywell Orientation (DeviceID: 23681)",2018-07-29T17:51:02Z/2018-07-30T11:46:31Z,2018-07-30T11:49:09Z,Event,water column,47.85035,128.02909,-0.6,2661.7,EPSG::5831,WGS40,"POLYGON((-130.000238 46.999910, -126.057941 46.999910, -130.000238 48.700794, -126.057941 48.700794))"
VS000106,1950,"VISUAL MIDWATER SURVEY START, VS000106, PURPOSE: surveying gelatinous plankton, abundance and biodiversity PI: Dhugal Lindsay/Fabio De Leo, DIRECTION: vertical down, SPEED: 10 m/min, DEPTH STRATA: 50m to 1000 m, EQUIPMENT REQUIREMENTS: zoomed in using best judgement from the ROV control van on the best quality video as possible; lighting configuration homogeneous across the field of view | VISUAL MIDWATER SURVEY END, VS000106, HEADING: NA, SPEED: 10 m/min, DEPTH: 998 m;",2018-07-29T18:04:04Z/2018-07-29T19:33:47Z,2018-07-30T02:02:31Z,Event,water column,,,63.4,1001,EPSG::5831,WGS40,"LINESTRING (-129.99998 47.000000, -130.00001 47.00002)"
560871,VS000106,CHORDATE pyrosome,2018-07-29T18:11:26Z,2018-07-29T18:11:27Z,Text,water column,47,-129.99998,134.9,134.9,EPSG::5831,WGS40,
560881,VS000106,CNIDARIAN jellyfish,2018-07-29T18:13:06Z,2018-12-13T23:18:30Z,Text,water column,47,-129.99998,150.5,150.5,EPSG::5831,WGS40,
560901,VS000106,ANNELID polychaete,2018-07-29T18:17:20Z,2018-12-13T23:21:22Z,Text,water column,47,-129.99998,190,190,EPSG::5831,WGS40,
560921,VS000106,CNIDARIAN cf. Narcomedusae,2018-07-29T18:18:47Z,2018-12-13T23:22:21Z,Text,water column,47,-129.99998,204.8,204.8,EPSG::5831,WGS40,
560951,VS000106,ARTHROPOD shrimp,2018-07-29T18:20:00Z,2018-12-13T23:24:22Z,Text,water column,47,-129.99998,217,217,EPSG::5831,WGS40,
560971,VS000106,ARTHROPOD shrimp,2018-07-29T18:20:31Z,2018-12-13T23:24:30Z,Text,water column,47,-129.99998,222,222,EPSG::5831,WGS40,
561001,VS000106,CNIDARIAN jellyfish,2018-07-29T18:21:06Z,2018-12-13T23:25:02Z,Text,water column,47,-129.99998,228.5,228.5,EPSG::5831,WGS40,
561011,VS000106,CNIDARIAN Narcomedusae [5 secs ago],2018-07-29T18:21:43Z,2018-12-13T23:26:17Z,Text,water column,47,-129.99998,234.8,234.8,EPSG::5831,WGS40,
561021,VS000106,ARTHROPOD shrimp,2018-07-29T18:22:27Z,2018-12-13T23:26:24Z,Text,water column,47,-129.99998,242.3,242.3,EPSG::5831,WGS40,
561041,VS000106,ARTHROPOD shrimp,2018-07-29T18:22:41Z,2018-12-13T23:26:32Z,Text,water column,47,-129.99998,244,244,EPSG::5831,WGS40,
561051,VS000106,ARTHROPOD shrimp,2018-07-29T18:23:46Z,2018-12-13T23:26:37Z,Text,water column,47,-129.99998,255.8,255.8,EPSG::5831,WGS40,
561061,VS000106,CHORDATE Salp house; Myctophidae,2018-07-29T18:24:18Z,2018-12-13T23:27:17Z,Text,water column,47,-129.99998,258,258,EPSG::5831,WGS40,
561091,VS000106,MOLLUSC squid,2018-07-29T18:24:54Z,2018-12-13T23:27:25Z,Text,water column,47,-129.99998,261.1,261.1,EPSG::5831,WGS40,
561101,VS000106,MOLLUSC squid [zooms right by camera],2018-07-29T18:25:10Z,2018-12-13T23:28:52Z,Text,water column,47,-129.99998,263,263,EPSG::5831,WGS40,
561121,VS000106,ARTHROPOD shrimp,2018-07-29T18:25:41Z,2018-12-13T23:28:57Z,Text,water column,47,-129.99998,268.4,268.4,EPSG::5831,WGS40,
561131,VS000106,ARTHROPOD shrimp,2018-07-29T18:26:07Z,2018-12-13T23:29:01Z,Text,water column,47,-129.99998,271.3,271.3,EPSG::5831,WGS40,
561151,VS000106,ARTHROPOD shrimp,2018-07-29T18:26:45Z,2018-12-13T23:29:05Z,Text,water column,47,-129.99998,274,274,EPSG::5831,WGS40,
561161,VS000106,ARTHROPOD shrimp,2018-07-29T18:27:23Z,2018-12-13T23:29:15Z,Text,water column,47,-129.99998,277.7,277.7,EPSG::5831,WGS40,
561181,VS000106,ARTHROPOD shrimp,2018-07-29T18:28:25Z,2018-12-13T23:29:21Z,Text,water column,47,-129.99998,285.3,285.3,EPSG::5831,WGS40,
561221,VS000106,CHORDATE Myctophidae,2018-07-29T18:30:12Z,2018-12-13T23:29:26Z,Text,water column,47,-129.99998,287.6,287.6,EPSG::5831,WGS40,
561271,VS000106,CHORDATE Myctophidae,2018-07-29T18:33:02Z,2018-12-13T23:29:34Z,Text,water column,47.00001,-129.99999,288,288,EPSG::5831,WGS40,
561291,VS000106,ARTHROPOD shrimp; CHORDATE Myctophidae,2018-07-29T18:34:11Z,2018-12-13T23:29:50Z,Text,water column,47.00001,-129.99999,300,300,EPSG::5831,WGS40,
561321,VS000106,ARTHROPOD Aristeid shrimp,2018-07-29T18:35:00Z,2018-12-13T23:37:39Z,Text,water column,47.00001,-129.99999,301,301,EPSG::5831,WGS40,
561361,VS000106,CHORDATE Myctophidae,2018-07-29T18:36:35Z,2018-12-13T23:38:08Z,Text,water column,47.00001,-129.99999,302,302,EPSG::5831,WGS40,
561401,VS000106,CNIDARIAN dinner plate jellyfish (Solmissus sp.),2018-07-29T18:37:27Z,2018-12-13T23:38:27Z,Text,water column,47.00001,-129.99999,303,303,EPSG::5831,WGS40,
561431,VS000106,CHORDATE Myctophidae [Dense layer],2018-07-29T18:39:38Z,2018-12-13T23:38:53Z,Text,water column,47.00001,-129.99999,304,304,EPSG::5831,WGS40,
561451,VS000106,CHORDATE Myctophidae,2018-07-29T18:42:00Z,2018-12-13T23:39:00Z,Text,water column,47.00001,-129.99999,305,305,EPSG::5831,WGS40,
561471,VS000106,MOLLUSC Squids,2018-07-29T18:42:17Z,2018-12-13T23:39:09Z,Text,water column,47.00001,-129.99999,306,306,EPSG::5831,WGS40,
561481,VS000106,CHORDATE Myctophidae [with a parasite],2018-07-29T18:43:02Z,2018-12-13T23:41:21Z,Text,water column,47.00001,-129.99999,307,307,EPSG::5831,WGS40,
561531,VS000106,CHORDATE Larvacean house,2018-07-29T18:46:21Z,2018-12-13T23:44:50Z,Text,water column,47.00001,-129.99999,308,308,EPSG::5831,WGS40,
561521,VS000106,"CHORDATE fish [multiple species, same myctophidae variety seen previously, another that is long, skinny and translucent]",2018-07-29T18:46:21Z,2018-12-13T23:46:28Z,Text,water column,47.00001,-129.99999,309,309,EPSG::5831,WGS40,
561561,VS000106,CHORDATE Myctophidae [still going through tick Myctophidae layer],2018-07-29T18:48:46Z,2018-12-13T23:46:10Z,Text,water column,47.00001,-129.99999,310,310,EPSG::5831,WGS40,
561571,VS000106,MOLLUSC squid,2018-07-29T18:50:28Z,2018-12-13T23:46:39Z,Text,water column,47.00001,-129.99999,311,311,EPSG::5831,WGS40,
561581,VS000106,CHORDATE Larvacean house,2018-07-29T18:50:28Z,2018-12-13T23:46:25Z,Text,water column,47.00001,-129.99999,312,312,EPSG::5831,WGS40,
561611,VS000106,MOLLUSC squid,2018-07-29T18:51:58Z,2018-12-13T23:50:04Z,Text,water column,47.00001,-129.99999,313,313,EPSG::5831,WGS40,
561621,VS000106,MOLLUSC squid,2018-07-29T18:53:04Z,2018-12-13T23:49:59Z,Text,water column,47.00001,-129.99999,314,314,EPSG::5831,WGS40,
561631,VS000106,MOLLUSC cf. Humbolt squid (Dosidicus gigas),2018-07-29T18:54:05Z,2018-12-13T23:53:14Z,Text,water column,47.00001,-129.99999,315,315,EPSG::5831,WGS40,
561651,VS000106,CHORDATE Salp house,2018-07-29T18:54:55Z,2018-12-14T00:03:33Z,Text,water column,47.00001,-129.99999,456,456,EPSG::5831,WGS40,
561671,VS000106,ARTHROPOD copepod,2018-07-29T18:55:34Z,2018-07-29T18:55:54Z,Text,water column,47.00001,-129.99999,476,476,EPSG::5831,WGS40,
561681,VS000106,CHORDATE Unidentified fish,2018-07-29T18:55:47Z,2018-12-14T00:01:05Z,Text,water column,47.00001,-129.99999,498,498,EPSG::5831,WGS40,
561711,VS000106,CHORDATE Myctophidae,2018-07-29T18:58:23Z,2018-12-14T00:03:42Z,Text,water column,47.00001,-129.99999,512,512,EPSG::5831,WGS40,
561761,VS000106,CNIDARIAN jellyfish,2018-07-29T19:00:37Z,2018-12-14T00:04:42Z,Text,water column,47.00001,-129.99999,513,513,EPSG::5831,WGS40,
561781,VS000106,CNIDARIAN jellyfish (cf. Poralia sp.),2018-07-29T19:01:05Z,2018-12-14T00:04:53Z,Text,water column,47.00001,-129.99999,514,514,EPSG::5831,WGS40,
561801,VS000106,ARTHROPOD Amphipod,2018-07-29T19:02:05Z,2018-12-14T22:05:13Z,Text,water column,47.00001,-129.99999,515,515,EPSG::5831,WGS40,
561811,VS000106,CNIDARIAN jellyfish (cf. Poralia sp.),2018-07-29T19:02:30Z,2018-12-14T00:04:59Z,Text,water column,47.00001,-129.99999,516,516,EPSG::5831,WGS40,
561841,VS000106,CNIDARIAN siphonophore,2018-07-29T19:04:07Z,2018-12-14T00:05:21Z,Text,water column,47.00002,-130,517,517,EPSG::5831,WGS40,
561881,VS000106,ARTHROPOD shrimp,2018-07-29T19:07:56Z,2018-12-14T00:05:25Z,Text,water column,47.00002,-130,518,518,EPSG::5831,WGS40,
561911,VS000106,CNIDARIAN dinner plate jellyfish (Solmissus sp.),2018-07-29T19:10:25Z,2018-12-14T22:06:01Z,Text,water column,47.00002,-130,519,519,EPSG::5831,WGS40,
561921,VS000106,CNIDARIAN jellyfish (cf. Voragonema sp.),2018-07-29T19:10:48Z,2018-12-14T22:07:30Z,Text,water column,47.00002,-130,520,520,EPSG::5831,WGS40,
561951,VS000106,ARTHROPOD Isopod,2018-07-29T19:14:06Z,2018-12-14T22:07:34Z,Text,water column,47.00002,-130,521,521,EPSG::5831,WGS40,
561971,VS000106,ARTHROPOD Copepod,2018-07-29T19:16:09Z,2018-12-14T22:08:34Z,Text,water column,47.00002,-130,679,679,EPSG::5831,WGS40,
561991,VS000106,ARTHROPOD cf. Amphipods,2018-07-29T19:17:51Z,2018-12-14T22:08:29Z,Text,water column,47.00002,-130,684,684,EPSG::5831,WGS40,
562021,VS000106,CNIDARIAN siphonophore,2018-07-29T19:18:51Z,2018-12-14T22:08:45Z,Text,water column,47.00002,-130,699,699,EPSG::5831,WGS40,
562051,VS000106,CNIDARIAN siphonophore,2018-07-29T19:19:59Z,2018-12-14T22:09:49Z,Text,water column,47.00002,-130,700,700,EPSG::5831,WGS40,
562061,VS000106,CHORDATE Larvacean house,2018-07-29T19:22:52Z,2018-12-14T22:09:54Z,Text,water column,47.00002,-130,750,750,EPSG::5831,WGS40,
562091,VS000106,ARTHROPOD Isopod,2018-07-29T19:25:40Z,2018-12-14T22:09:58Z,Text,water column,47.00002,-130,800,800,EPSG::5831,WGS40,
562111,VS000106,CNIDARIAN Unidentified jellyfish!,2018-07-29T19:26:53Z,2018-12-14T22:10:07Z,Text,water column,47.00002,-130,850,850,EPSG::5831,WGS40,
562131,VS000106,CNIDARIAN cf. Narcomedusae,2018-07-29T19:28:30Z,2018-12-14T22:11:27Z,Text,water column,47.00002,-130,900,900,EPSG::5831,WGS40,
562141,VS000106,ARTHROPOD Shrimp,2018-07-29T19:29:25Z,2018-12-14T22:11:31Z,Text,water column,47.00002,-130,954.4,954.4,EPSG::5831,WGS40,
562171,VS000106,ANNELID Polychaete,2018-07-29T19:32:34Z,2018-12-14T22:11:36Z,Text,water column,47.00002,-130,987.8,987.8,EPSG::5831,WGS40,
VS000107,1950,"VISUAL SURVEY START, VS000107, PURPOSE: Benthic megafauna, PI: Fabio De Leo/INDEEP, SURVEY PATTERN: random heading, HEADING: 190, SPEED: 0.5 knots/min, DEPTH: 1318 m, ALTITUDE: 1.2 maf, EQUIPMENT REQUIREMENTS: lasers on; 400 m;VISUAL SURVEY END, VS000107, HEADING: east, SPEED: 15 knots, DEPTH: 1310; ",2018-07-30T08:47:54Z/2018-07-30T09:23:00Z,2018-07-30T08:47:55Z,Event,benthos,,,1310,1318,EPSG::5831,WGS40,"LINESTRING (-126.87197 48.69978, -126.86683 48.69965)"
567931,VS000107,ARTHROPOD crab,2018-07-30T08:49:28Z,2018-07-30T08:50:06Z,Text,benthos,48.69978,-126.87172,1317.8,1317.8,EPSG::5831,WGS40,
5457380,VS000107,CHORDATE thornyhead (Sebastolobus sp.); ECHINODERM sea star (Hippasteria sp.),2018-07-30T08:50:10Z,2018-12-14T23:30:28Z,Text,benthos,48.69978,-126.87166,1317.8,1317.8,EPSG::5831,WGS40,
567941,VS000107,ARTHROPOD crab,2018-07-30T08:50:11Z,2018-12-14T23:35:32Z,Text,benthos,48.69978,-126.87161,1317.7,1317.7,EPSG::5831,WGS40,
567951,VS000107,CHORDATE thornyhead (Sebastolobus sp.),2018-07-30T08:50:26Z,2018-12-14T23:37:32Z,Text,benthos,48.69978,-126.87161,1317.7,1317.7,EPSG::5831,WGS40,
567981,VS000107,ARTHROPOD Crab,2018-07-30T08:50:26Z,2018-12-14T23:37:35Z,Text,benthos,48.69978,-126.87157,1317.6,1317.6,EPSG::5831,WGS40,
567961,VS000107,CHORDATE Rockfish,2018-07-30T08:51:04Z,2018-12-18T23:33:20Z,Text,benthos,48.69978,-126.87157,1317.6,1317.6,EPSG::5831,WGS40,
567991,VS000107,CHORDATE pyrosomes [dead],2018-07-30T08:51:21Z,2018-12-18T23:33:26Z,Text,benthos,48.69978,-126.87154,1317.6,1317.6,EPSG::5831,WGS40,
568011,VS000107,CNIDARIAN sea pen,2018-07-30T08:52:48Z,2018-12-14T23:37:53Z,Text,benthos,48.69978,-126.87148,1317.5,1317.5,EPSG::5831,WGS40,
568031,VS000107,CHORDATE pyrosomes [dead],2018-07-30T08:53:09Z,2018-07-30T08:53:21Z,Text,benthos,48.69978,-126.87147,1317.5,1317.5,EPSG::5831,WGS40,
568041,VS000107,ARTHROPOD shrimp,2018-07-30T08:53:35Z,2018-12-18T23:36:24Z,Text,benthos,48.69978,-126.87142,1317.5,1317.5,EPSG::5831,WGS40,
568051,VS000107,CHORDATE cf. Pacific sole,2018-07-30T08:53:47Z,2018-12-18T23:36:32Z,Text,benthos,48.69978,-126.87125,1317.2,1317.2,EPSG::5831,WGS40,
568061,VS000107,CHORDATE pyrosome [dead],2018-07-30T08:54:34Z,2018-12-18T23:36:50Z,Text,benthos,48.69978,-126.87119,1317.2,1317.2,EPSG::5831,WGS40,
568071,VS000107,CHORDATE pyrosome [dead],2018-07-30T08:55:23Z,2018-07-30T08:56:54Z,Text,benthos,48.69978,-126.87114,1317.2,1317.2,EPSG::5831,WGS40,
568091,VS000107,ARTHROPOD crab; CNIDARIAN sea pen [long],2018-07-30T08:55:53Z,2018-07-30T08:56:23Z,Text,benthos,48.69978,-126.87107,1317,1317,EPSG::5831,WGS40,
568111,VS000107,ECHINODERM sea star; CHORDATE pyrosome [dead?],2018-07-30T08:56:24Z,2018-12-18T23:40:15Z,Text,benthos,48.69978,-126.87104,1317,1317,EPSG::5831,WGS40,
568121,VS000107,CHORDATE pyrosome [dead],2018-07-30T08:57:19Z,2018-12-18T23:42:03Z,Text,benthos,48.69978,-126.87091,1316.9,1316.9,EPSG::5831,WGS40,
568141,VS000107,ARTHROPOD grooved tanner crab (Chionoecetes tanneri),2018-07-30T08:57:44Z,2018-12-18T23:43:45Z,Text,benthos,48.69978,-126.87091,1316.9,1316.9,EPSG::5831,WGS40,
568151,VS000107,CHORDATE pyrosome [dead],2018-07-30T08:58:39Z,2018-12-18T23:43:34Z,Text,benthos,48.69978,-126.87079,1316.7,1316.7,EPSG::5831,WGS40,
568161,VS000107,CNIDARIAN sea whips,2018-07-30T08:59:01Z,2018-07-30T08:59:20Z,Text,benthos,48.69978,-126.87071,1316.7,1316.7,EPSG::5831,WGS40,
568191,VS000107,CHORDATE pyrosome [dead],2018-07-30T08:59:58Z,2018-07-31T21:58:12Z,Text,benthos,48.69978,-126.87067,1316.6,1316.6,EPSG::5831,WGS40,
568211,VS000107,Undetermined object or species,2018-07-30T09:00:31Z,2018-12-18T23:46:28Z,Text,benthos,48.69978,-126.87063,1316.5,1316.5,EPSG::5831,WGS40,
568231,VS000107,ECHINODERM sea star,2018-07-30T09:00:26Z,2018-12-18T23:46:33Z,Text,benthos,48.69978,-126.87048,1316.3,1316.3,EPSG::5831,WGS40,
568221,VS000107,CHORDATE rattail (Coryphaenoides sp.),2018-07-30T09:00:58Z,2018-12-18T23:47:22Z,Text,benthos,48.69978,-126.87048,1316.3,1316.3,EPSG::5831,WGS40,
568251,VS000107,CHORDATE pyrosome [dead],2018-07-30T09:01:25Z,2018-12-18T23:47:31Z,Text,benthos,48.69978,-126.87041,1316.3,1316.3,EPSG::5831,WGS40,
568261,VS000107,CHORDATE pyrosome [dead],2018-07-30T09:01:37Z,2018-07-30T09:01:50Z,Text,benthos,48.69978,-126.87027,1316,1316,EPSG::5831,WGS40,
568271,VS000107,CHORDATE pyrosome [dead],2018-07-30T09:02:07Z,2018-07-30T09:02:27Z,Text,benthos,48.69978,-126.87025,1316.1,1316.1,EPSG::5831,WGS40,
568281,VS000107,CNIDARIAN sea pen,2018-07-30T09:02:41Z,2018-12-18T23:48:44Z,Text,benthos,48.69978,-126.87024,1316,1316,EPSG::5831,WGS40,
568301,VS000107,CNIDARIAN sea whips,2018-07-30T09:03:06Z,2018-07-30T09:03:24Z,Text,benthos,48.69978,-126.87021,1316,1316,EPSG::5831,WGS40,
568311,VS000107,MOLLUSC snail,2018-07-30T09:03:43Z,2018-07-30T09:03:55Z,Text,benthos,48.69978,-126.87011,1315.8,1315.8,EPSG::5831,WGS40,
568321,VS000107,CHORDATE pyrosome [dead],2018-07-30T09:04:08Z,2018-07-30T09:04:19Z,Text,benthos,48.69978,-126.87006,1315.8,1315.8,EPSG::5831,WGS40,
568331,VS000107,CHORDATE fish [swimming],2018-07-30T09:04:38Z,2018-12-18T23:48:56Z,Text,benthos,48.69978,-126.86999,1315.6,1315.6,EPSG::5831,WGS40,
568341,VS000107,CHORDATE thornyhead (Sebastolobus sp.),2018-07-30T09:05:01Z,2018-12-18T23:49:05Z,Text,benthos,48.69978,-126.86998,1315.6,1315.6,EPSG::5831,WGS40,
568361,VS000107,CHORDATE pyrosome [dead],2018-07-30T09:05:23Z,2018-12-18T23:49:08Z,Text,benthos,48.69978,-126.86994,1315.6,1315.6,EPSG::5831,WGS40,
568381,VS000107,CHORDATE pyrosome [dead],2018-07-30T09:05:43Z,2018-07-30T09:05:57Z,Text,benthos,48.69978,-126.86991,1315.5,1315.5,EPSG::5831,WGS40,
568391,VS000107,CNIDARIAN sea pen,2018-07-30T09:05:53Z,2018-12-18T23:49:11Z,Text,benthos,48.69978,-126.86983,1315.3,1315.3,EPSG::5831,WGS40,
568401,VS000107,CHORDATE pyrosome [dead],2018-07-30T09:06:07Z,2018-12-18T23:50:54Z,Text,benthos,48.69978,-126.8698,1315.3,1315.3,EPSG::5831,WGS40,
568421,VS000107,CHORDATE pyrosome [dead],2018-07-30T09:06:02Z,2018-12-18T23:52:27Z,Text,benthos,48.69978,-126.86972,1315.2,1315.2,EPSG::5831,WGS40,
568411,VS000107,CNIDARIAN sea whips [many],2018-07-30T09:06:57Z,2018-12-18T23:52:36Z,Text,benthos,48.69978,-126.86971,1315.2,1315.2,EPSG::5831,WGS40,
568461,VS000107,CHORDATE pyrosome [dead],2018-07-30T09:07:39Z,2018-12-18T23:54:55Z,Text,benthos,48.69978,-126.86963,1315.2,1315.2,EPSG::5831,WGS40,
568491,VS000107,CNIDARIAN sea pen [skinny tall],2018-07-30T09:07:23Z,2018-07-30T09:07:48Z,Text,benthos,48.69978,-126.86957,1315.1,1315.1,EPSG::5831,WGS40,
568481,VS000107,CNIDARIAN sea whips,2018-07-30T09:07:53Z,2018-12-18T23:54:01Z,Text,benthos,48.69978,-126.86947,1314.9,1314.9,EPSG::5831,WGS40,
568501,VS000107,CNIDARIAN sea pen; HIGHLIGHT,2018-07-30T09:08:18Z,2018-07-30T09:08:34Z,Text,benthos,48.69979,-126.86941,1314.7,1314.7,EPSG::5831,WGS40,
568511,VS000107,ECHINODERM sea star,2018-07-30T09:08:35Z,2018-12-18T23:52:39Z,Text,benthos,48.69979,-126.86933,1314.5,1314.5,EPSG::5831,WGS40,
568521,VS000107,CHORDATE pyrosome [dead],2018-07-30T09:09:18Z,2018-12-18T23:53:29Z,Text,benthos,48.69979,-126.86932,1314.5,1314.5,EPSG::5831,WGS40,
568541,VS000107,ARTHROPOD grooved tanner crab (Chionoecetes tanneri),2018-07-30T09:10:26Z,2018-12-18T23:52:43Z,Text,benthos,48.69979,-126.86927,1314.3,1314.3,EPSG::5831,WGS40,
568561,VS000107,CHORDATE pyrosome [dead],2018-07-30T09:10:29Z,2018-07-30T09:10:42Z,Text,benthos,48.69978,-126.86923,1314.2,1314.2,EPSG::5831,WGS40,
568571,VS000107,Undetermined Species,2018-07-30T09:10:40Z,2018-12-19T00:00:53Z,Text,benthos,48.69979,-126.86921,1314.2,1314.2,EPSG::5831,WGS40,
568581,VS000107,CHORDATE pyrosome [dead],2018-07-30T09:11:00Z,2018-12-24T18:24:04Z,Text,benthos,48.69978,-126.86916,1314.2,1314.2,EPSG::5831,WGS40,
568591,VS000107,CNIDARIAN sea whip; ECHINODRM brittle star (Asteronyx sp.) [on sea whip],2018-07-30T09:11:18Z,2018-12-24T18:24:48Z,Text,benthos,48.69978,-126.86913,1314.1,1314.1,EPSG::5831,WGS40,
568621,VS000107,ECHINODERM seastar,2018-07-30T09:11:18Z,2018-12-19T00:00:57Z,Text,benthos,48.69978,-126.86911,1314.1,1314.1,EPSG::5831,WGS40,
568641,VS000107,ECHINODERM seastar,2018-07-30T09:11:18Z,2018-12-24T18:24:28Z,Text,benthos,48.69979,-126.86909,1314,1314,EPSG::5831,WGS40,
568601,VS000107,CHORDATE rattail (Coryphaenoides sp.),2018-07-30T09:11:18Z,2018-12-24T18:24:19Z,Text,benthos,48.69979,-126.86903,1313.9,1313.9,EPSG::5831,WGS40,
568611,VS000107,CHORDATE pyrosome [dead],2018-07-30T09:11:47Z,2018-12-24T18:26:05Z,Text,benthos,48.69979,-126.86901,1314,1314,EPSG::5831,WGS40,
568661,VS000107,CHORDATE rattail,2018-07-30T09:11:42Z,2018-07-30T09:11:56Z,Text,benthos,48.69979,-126.86896,1313.9,1313.9,EPSG::5831,WGS40,
568651,VS000107,CHORDATE rockfish [on edge of field of view],2018-07-30T09:11:47Z,2018-12-24T18:26:30Z,Text,benthos,48.69979,-126.86896,1313.9,1313.9,EPSG::5831,WGS40,
568671,VS000107,CHORDATE rockfish (cf. Sebastolobus sp.),2018-07-30T09:12:04Z,2018-12-24T18:27:04Z,Text,benthos,48.69979,-126.86889,1313.8,1313.8,EPSG::5831,WGS40,
568691,VS000107,CNIDARIAN sea whip; CHORDATE pyrosome [dead],2018-07-30T09:12:30Z,2018-12-24T18:27:53Z,Text,benthos,48.69979,-126.86885,1313.7,1313.7,EPSG::5831,WGS40,
568701,VS000107,CHORDATE unidentified fish,2018-07-30T09:12:55Z,2018-12-24T18:30:00Z,Text,benthos,48.69979,-126.86881,1313.7,1313.7,EPSG::5831,WGS40,
568721,VS000107,ARTHROPOD grooved tanner crab (Chionoecetes tanneri),2018-07-30T09:12:55Z,2018-12-24T18:32:37Z,Text,benthos,48.69979,-126.86875,1313.6,1313.6,EPSG::5831,WGS40,
568711,VS000107,CHORDATE pyrosome [dead],2018-07-30T09:13:22Z,2018-07-30T09:13:38Z,Text,benthos,48.69979,-126.8687,1313.5,1313.5,EPSG::5831,WGS40,
568751,VS000107,CHORDATE pyrosome [dead],2018-07-30T09:13:34Z,2018-12-24T18:33:07Z,Text,benthos,48.69979,-126.86869,1313.5,1313.5,EPSG::5831,WGS40,
568761,VS000107,CHORDATE pyrosome [dead],2018-07-30T09:13:39Z,2018-07-30T09:14:01Z,Text,benthos,48.69979,-126.86859,1313.3,1313.3,EPSG::5831,WGS40,
568771,VS000107,ARTHROPOD shrimp,2018-07-30T09:14:04Z,2018-07-30T09:14:18Z,Text,benthos,48.69979,-126.86859,1313.3,1313.3,EPSG::5831,WGS40,
568781,VS000107,ARTHROPOD shrimp,2018-07-30T09:14:14Z,2018-12-24T18:33:14Z,Text,benthos,48.69979,-126.86847,1313.2,1313.2,EPSG::5831,WGS40,
568791,VS000107,CHORDATE pyrosome [dead],2018-07-30T09:14:43Z,2018-12-24T18:33:33Z,Text,benthos,48.69979,-126.86847,1313.2,1313.2,EPSG::5831,WGS40,
568801,VS000107,CHORDATE pyrosome [dead],2018-07-30T09:14:43Z,2018-12-24T18:33:16Z,Text,benthos,48.69979,-126.86844,1313.2,1313.2,EPSG::5831,WGS40,
568811,VS000107,CHORDATE pyrosome [dead],2018-07-30T09:15:21Z,2018-12-24T18:35:16Z,Text,benthos,48.69979,-126.86838,1313.1,1313.1,EPSG::5831,WGS40,
568841,VS000107,CHORDATE pyrosome [dead],2018-07-30T09:15:26Z,2018-07-30T09:15:39Z,Text,benthos,48.69979,-126.86838,1313.1,1313.1,EPSG::5831,WGS40,
568851,VS000107,CHORDATE fish [swimming],2018-07-30T09:15:48Z,2018-12-24T18:36:42Z,Text,benthos,48.69979,-126.86834,1313.1,1313.1,EPSG::5831,WGS40,
568861,VS000107,CHORDATE pyrosome [dead],2018-07-30T09:16:00Z,2018-12-24T18:39:00Z,Text,benthos,48.69979,-126.86834,1313.1,1313.1,EPSG::5831,WGS40,
568871,VS000107,CHORDATE skate [partially covered by sediment],2018-07-30T09:16:11Z,2018-12-24T18:36:39Z,Text,benthos,48.69979,-126.86834,1313.1,1313.1,EPSG::5831,WGS40,
568891,VS000107,CHORDATE pyrosome [dead],2018-07-30T09:16:29Z,2018-12-24T18:36:57Z,Text,benthos,48.69979,-126.86834,1313.1,1313.1,EPSG::5831,WGS40,
568921,VS000107,CNIDARIAN sea pen [short],2018-07-30T09:16:29Z,2018-12-24T18:37:00Z,Text,benthos,48.69979,-126.86827,1313,1313,EPSG::5831,WGS40,
568931,VS000107,CHORDATE pyrosome [dead],2018-07-30T09:16:12Z,2018-12-24T18:36:36Z,Text,benthos,48.69979,-126.86826,1313.1,1313.1,EPSG::5831,WGS40,
568901,VS000107,CHORDATE pyrosome [dead],2018-07-30T09:16:29Z,2018-12-24T18:36:55Z,Text,benthos,48.69979,-126.86826,1313.1,1313.1,EPSG::5831,WGS40,
568911,VS000107,CHORDATE pyrosome [dead],2018-07-30T09:16:52Z,2018-12-24T18:41:01Z,Text,benthos,48.69979,-126.86822,1313,1313,EPSG::5831,WGS40,
568951,VS000107,CHORDATE rattail (Coryphaenoides sp.),2018-07-30T09:16:57Z,2018-07-30T09:17:12Z,Text,benthos,48.69979,-126.86821,1313,1313,EPSG::5831,WGS40,
568961,VS000107,ECHINODERM sea star,2018-07-30T09:17:10Z,2018-12-24T18:37:07Z,Text,benthos,48.69979,-126.86815,1312.9,1312.9,EPSG::5831,WGS40,
568971,VS000107,CHORDATE pyrosome [dead],2018-07-30T09:17:43Z,2018-12-24T18:37:14Z,Text,benthos,48.69979,-126.86809,1312.8,1312.8,EPSG::5831,WGS40,
569001,VS000107,CNIDARIAN sea pens,2018-07-30T09:17:43Z,2018-12-24T18:41:57Z,Text,benthos,48.69979,-126.86808,1312.8,1312.8,EPSG::5831,WGS40,
568991,VS000107,ECHINODERM sea star,2018-07-30T09:17:37Z,2018-12-24T18:41:51Z,Text,benthos,48.69979,-126.86808,1312.8,1312.8,EPSG::5831,WGS40,
568981,VS000107,CHORDATE pyrosome [dead],2018-07-30T09:18:26Z,2018-07-30T09:18:38Z,Text,benthos,48.69979,-126.86801,1312.7,1312.7,EPSG::5831,WGS40,
569011,VS000107,ECHINODERM sea star,2018-07-30T09:18:31Z,2018-12-24T18:44:13Z,Text,benthos,48.69979,-126.86801,1312.7,1312.7,EPSG::5831,WGS40,
569021,VS000107,CNIDARIAN pom pom anemone (Liponema brevicorne),2018-07-30T09:18:53Z,2018-12-24T18:54:49Z,Text,benthos,48.69979,-126.86798,1312.6,1312.6,EPSG::5831,WGS40,
569051,VS000107,ARTHROPOD crab,2018-07-30T09:18:51Z,2018-07-30T09:19:03Z,Text,benthos,48.69979,-126.86797,1312.6,1312.6,EPSG::5831,WGS40,
569041,VS000107,CHORDATE pyrosome [dead],2018-07-30T09:18:53Z,2018-12-24T18:56:20Z,Text,benthos,48.69979,-126.8679,1312.5,1312.5,EPSG::5831,WGS40,
569061,VS000107,ECHINODERM sea star,2018-07-30T09:19:10Z,2018-12-24T19:02:37Z,Text,benthos,48.69979,-126.86787,1312.4,1312.4,EPSG::5831,WGS40,
569071,VS000107,CHORDATE rattail (Coryphaenoides sp.),2018-07-30T09:19:10Z,2018-12-24T19:02:53Z,Text,benthos,48.69979,-126.8678,1312.4,1312.4,EPSG::5831,WGS40,
569081,VS000107,CHORDATE rockfish,2018-07-30T09:19:41Z,2018-07-30T09:19:51Z,Text,benthos,48.69979,-126.8678,1312.4,1312.4,EPSG::5831,WGS40,
569101,VS000107,ECHINODERM sea star,2018-07-30T09:19:49Z,2018-12-24T19:03:24Z,Text,benthos,48.69979,-126.8678,1312.4,1312.4,EPSG::5831,WGS40,
569121,VS000107,CHORDATE pyrosome [dead],2018-07-30T09:19:49Z,2018-12-24T19:03:41Z,Text,benthos,48.69979,-126.8678,1312.4,1312.4,EPSG::5831,WGS40,
569111,VS000107,CHORDATE pyrosome [dead],2018-07-30T09:19:57Z,2018-07-30T09:20:23Z,Text,benthos,48.69979,-126.8677,1312.2,1312.2,EPSG::5831,WGS40,
569131,VS000107,CHORDATE pyrosome [dead]; CNIDARIAN sea pen,2018-07-30T09:20:32Z,2018-12-24T19:06:36Z,Text,benthos,48.69979,-126.86769,1312.2,1312.2,EPSG::5831,WGS40,
569161,VS000107,CNIDARIAN sea pen (Umbelulla sp.),2018-07-30T09:20:32Z,2018-12-24T19:05:33Z,Text,benthos,48.69979,-126.86764,1312.1,1312.1,EPSG::5831,WGS40,
569141,VS000107,CHORDATE pyrosome [dead],2018-07-30T09:21:16Z,2018-07-30T09:21:31Z,Text,benthos,48.69979,-126.86764,1312.1,1312.1,EPSG::5831,WGS40,
569181,VS000107,ECHINODERM sea star,2018-07-30T08:49:51Z,2018-12-14T23:33:04Z,Text,benthos,48.69979,-126.86764,1312,1312,EPSG::5831,WGS40,
VS000108,1950,"VISUAL SURVEY START, VS000108, PURPOSE: sea floor biodiversity survey, PI: Fabio De Leo, SURVEY PATTERN: random heading, HEADING: 270, SPEED: 0.5 knots, DEPTH: 1310, ALTITUDE: 1.3 maf, EQUIPMENT REQUIREMENTS: lasers on; VISUAL SURVEY END, VS000108, HEADING: 334, SPEED: 0.5 knots, DEPTH: 1317;",2018-07-30T09:25:40Z/2018-07-30T09:58:54Z,2018-07-30T17:40:39Z,Event,benthos,,,1310,1317,EPSG::5831,WGS40,"LINESTRING(-126.86679 48.69956, -126.87197 48.69957)"
569281,VS000108,CHORDATE rattail (Coryphaenoides sp.),2018-07-30T09:27:09Z,2018-12-24T19:20:22Z,Text,benthos,48.69956,-126.86679,1310.4,1310.4,ESPG::5831,WGS40,
569311,VS000108,ECHINODERM sea star,2018-07-30T09:29:48Z,2018-12-24T19:20:54Z,Text,benthos,48.69956,-126.86679,1310.3,1310.3,ESPG::5831,WGS40,
569321,VS000108,CHORDATE rattail (Coryphaenoides sp.),2018-07-30T09:29:53Z,2018-12-24T19:21:10Z,Text,benthos,48.69956,-126.86679,1310.4,1310.4,ESPG::5831,WGS40,
569331,VS000108,CHORDATE pyrosome [dead],2018-07-30T09:30:20Z,2018-12-24T19:22:15Z,Text,benthos,48.69956,-126.86685,1310.5,1310.5,ESPG::5831,WGS40,
569341,VS000108,CHORDATE pyrosome [dead],2018-07-30T09:30:31Z,2018-12-24T19:22:32Z,Text,benthos,48.69956,-126.86687,1310.4,1310.4,ESPG::5831,WGS40,
569351,VS000108,CHORDATE pyrosome [dead],2018-07-30T09:30:38Z,2018-12-24T19:22:50Z,Text,benthos,48.69956,-126.86696,1310.6,1310.6,ESPG::5831,WGS40,
569371,VS000108,CHORDATE rattail (Coryphaenoides sp.),2018-07-30T09:31:11Z,2018-12-24T19:25:07Z,Text,benthos,48.69956,-126.86699,1310.7,1310.7,ESPG::5831,WGS40,
569391,VS000108,CHORDATE rattail (Coryphaenoides sp.),2018-07-30T09:31:11Z,2018-12-24T19:24:47Z,Text,benthos,48.69956,-126.86702,1310.6,1310.6,ESPG::5831,WGS40,
569401,VS000108,CHORDATE pyrosome [dead],2018-07-30T09:31:41Z,2018-12-24T19:33:34Z,Text,benthos,48.69956,-126.8671,1310.8,1310.8,ESPG::5831,WGS40,
569411,VS000108,CHORDATE rockfish,2018-07-30T09:31:41Z,2018-12-24T19:33:01Z,Text,benthos,48.69956,-126.86713,1310.9,1310.9,ESPG::5831,WGS40,
569431,VS000108,CHORDATE rattail (Coryphaenoides sp.),2018-07-30T09:31:41Z,2018-12-24T19:32:26Z,Text,benthos,48.69956,-126.86713,1310.9,1310.9,ESPG::5831,WGS40,
569441,VS000108,CHORDATE rockfish; ECHINODERM sea star,2018-07-30T09:32:18Z,2018-07-30T09:32:39Z,Text,benthos,48.69956,-126.86716,1310.9,1310.9,ESPG::5831,WGS40,
569451,VS000108,CHORDATE pyrosome [dead]; SUBSTRATE: Unconsolidated Mineral Substrate;,2018-07-30T09:32:51Z,2018-12-24T19:33:53Z,Text,benthos,48.69956,-126.86723,1311,1311,ESPG::5831,WGS40,
569461,VS000108,MOLLUSC gastropod,2018-07-30T09:33:01Z,2018-12-24T19:36:11Z,Text,benthos,48.69956,-126.86723,1311,1311,ESPG::5831,WGS40,
569471,VS000108,CHORDATE rattail (Coryphaenoides sp.),2018-07-30T09:33:16Z,2018-12-24T19:37:33Z,Text,benthos,48.69956,-126.86723,1311,1311,ESPG::5831,WGS40,
569491,VS000108,CHORDATE zoracidae,2018-07-30T09:33:47Z,2018-12-24T19:38:52Z,Text,benthos,48.69956,-126.86723,1311,1311,ESPG::5831,WGS40,
569541,VS000108,CHORDATE pyrosome [dead],2018-07-30T09:34:20Z,2019-01-21T23:26:00Z,Text,benthos,48.69956,-126.86735,1311.4,1311.4,ESPG::5831,WGS40,
569571,VS000108,CHORDATE cf. pyrosome [dead],2018-07-30T09:36:13Z,2019-01-21T23:21:32Z,Text,benthos,48.69956,-126.86745,1311.7,1311.7,ESPG::5831,WGS40,
569591,VS000108,ARTHROPOD grooved tanner crab (Chionoecetes tanneri),2018-07-30T09:36:38Z,2019-01-21T23:39:28Z,Text,benthos,48.69956,-126.86749,1311.8,1311.8,ESPG::5831,WGS40,
569611,VS000108,ECHINODERM sea star,2018-07-30T09:37:14Z,2019-01-21T23:40:23Z,Text,benthos,48.69956,-126.86753,1311.9,1311.9,ESPG::5831,WGS40,
569631,VS000108,Undetermined Species,2018-07-30T09:38:08Z,2018-07-30T09:38:16Z,Text,benthos,48.69956,-126.86754,1311.9,1311.9,ESPG::5831,WGS40,
569651,VS000108,CHORDATE rattail (Coryphaenoides sp.); ECHINODERM sea star,2018-07-30T09:38:23Z,2019-01-21T23:42:53Z,Text,benthos,48.69956,-126.86763,1312.1,1312.1,ESPG::5831,WGS40,
569691,VS000108,MOLLUSC sea slug,2018-07-30T09:39:18Z,2019-01-21T23:43:33Z,Text,benthos,48.69956,-126.86764,1312.1,1312.1,ESPG::5831,WGS40,
569701,VS000108,CHORDATE pyrosome [dead],2018-07-30T09:39:50Z,2018-07-30T09:40:12Z,Text,benthos,48.69956,-126.86764,1312.1,1312.1,ESPG::5831,WGS40,
569761,VS000108,ARTHROPOD grooved tanner crab (Chionoecetes tanneri),2018-07-30T09:43:10Z,2019-01-21T23:45:17Z,Text,benthos,48.69956,-126.86774,1312.3,1312.3,ESPG::5831,WGS40,
569771,VS000108,CNIDARIAN sea pen,2018-07-30T09:43:34Z,2018-07-30T09:43:44Z,Text,benthos,48.69956,-126.86775,1312.3,1312.3,ESPG::5831,WGS40,
569791,VS000108,ARTHROPOD tanner crab (Chionoecetes sp.),2018-07-30T09:43:58Z,2019-01-21T23:48:08Z,Text,benthos,48.69956,-126.86777,1312.2,1312.2,ESPG::5831,WGS40,
569811,VS000108,MOLLUSC gastropod,2018-07-30T09:44:22Z,2019-01-21T23:48:13Z,Text,benthos,48.69956,-126.86777,1312.2,1312.2,ESPG::5831,WGS40,
569831,VS000108,CHORDATE pyrosome [dead?],2018-07-30T09:44:31Z,2018-07-30T09:44:45Z,Text,benthos,48.69956,-126.86777,1312.2,1312.2,ESPG::5831,WGS40,
569851,VS000108,CHORDATE unidentified fish,2018-07-30T09:45:01Z,2019-01-21T23:49:32Z,Text,benthos,48.69956,-126.86777,1312.3,1312.3,ESPG::5831,WGS40,
569881,VS000108,CNIDARIAN sea pen [to the right],2018-07-30T09:45:42Z,2019-01-21T23:49:47Z,Text,benthos,48.69956,-126.86777,1312.3,1312.3,ESPG::5831,WGS40,
569871,VS000108,CHORDATE pyrosome [dead],2018-07-30T09:45:33Z,2019-01-21T23:48:38Z,Text,benthos,48.69956,-126.86782,1312.3,1312.3,ESPG::5831,WGS40,
569901,VS000108,CHORDATE pyrosome [dead],2018-07-30T09:46:39Z,2018-07-30T09:46:53Z,Text,benthos,48.69956,-126.86785,1312.4,1312.4,ESPG::5831,WGS40,
569911,VS000108,ECHINODERM sea star,2018-07-30T09:46:58Z,2018-07-30T09:47:07Z,Text,benthos,48.69956,-126.8679,1312.4,1312.4,ESPG::5831,WGS40,
569941,VS000108,ECHINODERM sea star (Hippasteria sp.),2018-07-30T09:47:15Z,2019-01-21T23:51:38Z,Text,benthos,48.69956,-126.86793,1312.4,1312.4,ESPG::5831,WGS40,
569961,VS000108,CHORDATE pyrosome [dead],2018-07-30T09:48:02Z,2019-01-21T23:52:26Z,Text,benthos,48.69956,-126.86803,1312.6,1312.6,ESPG::5831,WGS40,
569971,VS000108,CHORDATE pyrosome [dead],2018-07-30T09:48:30Z,2019-01-21T23:52:29Z,Text,benthos,48.69956,-126.86811,1312.8,1312.8,ESPG::5831,WGS40,
569991,VS000108,ECHINODERM sea star,2018-07-30T09:49:07Z,2019-01-21T23:52:32Z,Text,benthos,48.69956,-126.86816,1312.9,1312.9,ESPG::5831,WGS40,
569981,VS000108,CHORDATE pyrosome [dead],2018-07-30T09:49:00Z,2018-07-30T09:49:14Z,Text,benthos,48.69956,-126.86818,1312.8,1312.8,ESPG::5831,WGS40,
570001,VS000108,CHORDATE pyrosome [dead],2018-07-30T09:49:24Z,2019-01-21T23:52:35Z,Text,benthos,48.69956,-126.8683,1312.9,1312.9,ESPG::5831,WGS40,
570011,VS000108,CHORDATE rattail (Coryphaenoides sp.),2018-07-30T09:49:36Z,2019-01-21T23:53:36Z,Text,benthos,48.69956,-126.86834,1312.9,1312.9,ESPG::5831,WGS40,
570031,VS000108,ECHINODERM sea star,2018-07-30T09:49:52Z,2019-01-21T23:54:00Z,Text,benthos,48.69956,-126.8684,1312.7,1312.7,ESPG::5831,WGS40,
570021,VS000108,ARTHROPOD tanner crab (Chionoecetes sp.),2018-07-30T09:49:38Z,2019-01-21T23:53:41Z,Text,benthos,48.69956,-126.86845,1312.7,1312.7,ESPG::5831,WGS40,
570041,VS000108,CHORDATE rattail (Coryphaenoides sp.),2018-07-30T09:50:46Z,2019-01-21T23:54:31Z,Text,benthos,48.69956,-126.86857,1312.8,1312.8,ESPG::5831,WGS40,
570081,VS000108,ARTHROPOD tanner crab (Chionoecetes sp.),2018-07-30T09:51:03Z,2019-01-21T23:59:21Z,Text,benthos,48.69956,-126.86857,1312.8,1312.8,ESPG::5831,WGS40,
570091,VS000108,ECHINODERM sea star,2018-07-30T09:51:05Z,2019-01-21T23:59:34Z,Text,benthos,48.69957,-126.86855,1311.9,1311.9,ESPG::5831,WGS40,
570101,VS000108,ECHINODERM sea star; CHORDATE fish [swimming],2018-07-30T09:51:50Z,2018-07-30T09:52:13Z,Text,benthos,48.69957,-126.86866,1313.2,1313.2,ESPG::5831,WGS40,
570161,VS000108,CHORDATE pyrosome [dead],2018-07-30T09:53:00Z,2019-01-22T22:48:48Z,Text,benthos,48.69957,-126.86876,1313.3,1313.3,ESPG::5831,WGS40,
570141,VS000108,CHORDATE rockfish,2018-07-30T09:53:00Z,2019-01-22T22:48:12Z,Text,benthos,48.69957,-126.86881,1313.5,1313.5,ESPG::5831,WGS40,
570131,VS000108,CNIDARIAN sea whip; ECHINODERM brittle star (Asteronyx sp.) [on sea whip],2018-07-30T09:52:56Z,2019-01-22T22:48:06Z,Text,benthos,48.69957,-126.86888,1313.5,1313.5,ESPG::5831,WGS40,
570171,VS000108,ECHINODERM sea star,2018-07-30T09:53:53Z,2019-01-22T22:50:17Z,Text,benthos,48.69957,-126.86895,1313.7,1313.7,ESPG::5831,WGS40,
570181,VS000108,CHORDATE pyrosome [dead],2018-07-30T09:53:59Z,2019-01-22T22:50:29Z,Text,benthos,48.69957,-126.86902,1313.8,1313.8,ESPG::5831,WGS40,
570201,VS000108,ECHINODERM sea star,2018-07-30T09:54:26Z,2019-01-22T22:50:56Z,Text,benthos,48.69957,-126.86903,1313.8,1313.8,ESPG::5831,WGS40,
570211,VS000108,MOLLUSC snail,2018-07-30T09:54:44Z,2019-01-22T22:51:00Z,Text,benthos,48.69957,-126.86911,1313.9,1313.9,ESPG::5831,WGS40,
570251,VS000108,ARTHROPOD tanner crab (Chionoecetes sp.),2018-07-30T09:55:45Z,2019-01-22T22:52:41Z,Text,benthos,48.69957,-126.86914,1313.9,1313.9,ESPG::5831,WGS40,
570271,VS000108,CHORDATE pyrosome [dead],2018-07-30T09:56:02Z,2019-01-22T22:53:05Z,Text,benthos,48.69957,-126.86914,1313.9,1313.9,ESPG::5831,WGS40,
570281,VS000108,ECHINODERM sea star (cf. Hippasteria sp.),2018-07-30T09:56:10Z,2019-01-22T22:53:17Z,Text,benthos,48.69957,-126.86923,1314,1314,ESPG::5831,WGS40,
570311,VS000108,CHORDATE rockfish,2018-07-30T09:57:22Z,2019-01-22T22:54:37Z,Text,benthos,48.69957,-126.86924,1314.1,1314.1,ESPG::5831,WGS40,
570331,VS000108,CHORDATE pyrosome [dead],2018-07-30T09:57:54Z,2019-01-22T22:54:44Z,Text,benthos,48.69957,-126.86935,1314.3,1314.3,ESPG::5831,WGS40,
570361,VS000108,CHORDATE rattail (Coryphaenoides sp.),2018-07-30T09:58:10Z,2019-01-22T22:56:25Z,Text,benthos,48.69957,-126.86935,1314.3,1314.3,ESPG::5831,WGS40,
570381,VS000108,ECHINODERM sea star,2018-07-30T09:58:37Z,2018-07-30T09:58:49Z,Text,benthos,48.69957,-126.86937,1314.3,1314.3,ESPG::5831,WGS40,
1940,660,"AH1698, Vertical ROV video transect @ 10 m/min descent/ascent rate – 1st 1000 m; CORK 1364A (DeviceID: 23181) Hydrostatic Test; Install Caisson w/ Titan (DeviceID: 24432) with Honeywell Orientation (DeviceID: 23680); Obtain 5 push cores; Conduct bottom video transects; Recover Titan (DeviceID: 23454) with Honeywell Orientation (DeviceID: 23681)",2018-07-29T17:51:02Z/2018-07-30T11:46:31Z,2018-07-30T11:47:24Z,Event,water column,47.85035,-128.02909,,,ESPG::5831,WGS40,"POLYGON((-130.000238 46.999910, -126.057941 46.999910, -130.000238 48.700794, -126.057941 48.700794))"
