eventID,occurrenceID,measurementID,measurementType,measurementTypeID,measurementValue,measurementValueID,measurementUnit,measurementUnitID,measurementMethod
552751,,,sea_water_temperature,http://cfconventions.org/Data/cf-standard-names/31/build/cf-standard-name-table.html#sea_water_temperature,9.46,,degrees Celcius,http://vocab.nerc.ac.uk/collection/P06/current/UPAA/,Temperature Probe on Hercules ROV
552751,,,sea_water_temperature,http://cfconventions.org/Data/cf-standard-names/31/build/cf-standard-name-table.html#sea_water_temperature,9.46,,degrees Celcius,http://vocab.nerc.ac.uk/collection/P06/current/UPAA/,Temperature Probe on Hercules ROV
552891,,,sea_water_temperature,http://cfconventions.org/Data/cf-standard-names/31/build/cf-standard-name-table.html#sea_water_temperature,6.67,,degrees Celcius,http://vocab.nerc.ac.uk/collection/P06/current/UPAA/,Temperature Probe on Hercules ROV
553131,,,sea_water_temperature,http://cfconventions.org/Data/cf-standard-names/31/build/cf-standard-name-table.html#sea_water_temperature,3.07,,degrees Celcius,http://vocab.nerc.ac.uk/collection/P06/current/UPAA/,Temperature Probe on Hercules ROV
5037800,,,sea_water_temperature,http://cfconventions.org/Data/cf-standard-names/31/build/cf-standard-name-table.html#sea_water_temperature,3.96,,degrees Celcius,http://vocab.nerc.ac.uk/collection/P06/current/UPAA/,Temperature Probe on Hercules ROV
5037810,,,sea_water_temperature,http://cfconventions.org/Data/cf-standard-names/31/build/cf-standard-name-table.html#sea_water_temperature,3.78,,degrees Celcius,http://vocab.nerc.ac.uk/collection/P06/current/UPAA/,Temperature Probe on Hercules ROV
5038830,,,sea_water_temperature,http://cfconventions.org/Data/cf-standard-names/31/build/cf-standard-name-table.html#sea_water_temperature,1.92,,degrees Celcius,http://vocab.nerc.ac.uk/collection/P06/current/UPAA/,Temperature Probe on Hercules ROV
552751,816441,,number_of_observations,http://cfconventions.org/Data/cf-standard-names/31/build/cf-standard-name-table.html#number_of_observations,1,,dimensionless,http://vocab.nerc.ac.uk/collection/P06/current/UUUU/,Insite Pacific Zeus plus HD Camera on Hercules ROV
552891,816581,,number_of_observations,http://cfconventions.org/Data/cf-standard-names/31/build/cf-standard-name-table.html#number_of_observations,1,,dimensionless,http://vocab.nerc.ac.uk/collection/P06/current/UUUU/,Insite Pacific Zeus plus HD Camera on Hercules ROV
553131,816821,,number_of_observations,http://cfconventions.org/Data/cf-standard-names/31/build/cf-standard-name-table.html#number_of_observations,1,,dimensionless,http://vocab.nerc.ac.uk/collection/P06/current/UUUU/,Insite Pacific Zeus plus HD Camera on Hercules ROV
5037800,14373310,,number_of_observations,http://cfconventions.org/Data/cf-standard-names/31/build/cf-standard-name-table.html#number_of_observations,1,,dimensionless,http://vocab.nerc.ac.uk/collection/P06/current/UUUU/,Insite Pacific Zeus plus HD Camera on Hercules ROV
5037810,14373320,,number_of_observations,http://cfconventions.org/Data/cf-standard-names/31/build/cf-standard-name-table.html#number_of_observations,1,,dimensionless,http://vocab.nerc.ac.uk/collection/P06/current/UUUU/,Insite Pacific Zeus plus HD Camera on Hercules ROV
5038830,14375790,,number_of_observations,http://cfconventions.org/Data/cf-standard-names/31/build/cf-standard-name-table.html#number_of_observations,1,,dimensionless,http://vocab.nerc.ac.uk/collection/P06/current/UUUU/,Insite Pacific Zeus plus HD Camera on Hercules ROV
VS000106,,,platform_speed_wrt_sea_water,http://cfconventions.org/Data/cf-standard-names/31/build/cf-standard-name-table.html#platform_speed_wrt_sea_water,0.16666667,,metres per second,http://vocab.nerc.ac.uk/collection/P06/current/UVAA/,Insite Pacific Zeus plus HD Camera on Hercules ROV
560871,,,sea_water_temperature,http://cfconventions.org/Data/cf-standard-names/31/build/cf-standard-name-table.html#sea_water_temperature,8.63,,degrees Celcius,http://vocab.nerc.ac.uk/collection/P06/current/UPAA/,Temperature Probe on Hercules ROV
560881,,,sea_water_temperature,http://cfconventions.org/Data/cf-standard-names/31/build/cf-standard-name-table.html#sea_water_temperature,8.67,,degrees Celcius,http://vocab.nerc.ac.uk/collection/P06/current/UPAA/,Temperature Probe on Hercules ROV
560901,,,sea_water_temperature,http://cfconventions.org/Data/cf-standard-names/31/build/cf-standard-name-table.html#sea_water_temperature,8.64,,degrees Celcius,http://vocab.nerc.ac.uk/collection/P06/current/UPAA/,Temperature Probe on Hercules ROV
560921,,,sea_water_temperature,http://cfconventions.org/Data/cf-standard-names/31/build/cf-standard-name-table.html#sea_water_temperature,8.59,,degrees Celcius,http://vocab.nerc.ac.uk/collection/P06/current/UPAA/,Temperature Probe on Hercules ROV
560951,,,sea_water_temperature,http://cfconventions.org/Data/cf-standard-names/31/build/cf-standard-name-table.html#sea_water_temperature,8.68,,degrees Celcius,http://vocab.nerc.ac.uk/collection/P06/current/UPAA/,Temperature Probe on Hercules ROV
560971,,,sea_water_temperature,http://cfconventions.org/Data/cf-standard-names/31/build/cf-standard-name-table.html#sea_water_temperature,8.62,,degrees Celcius,http://vocab.nerc.ac.uk/collection/P06/current/UPAA/,Temperature Probe on Hercules ROV
561001,,,sea_water_temperature,http://cfconventions.org/Data/cf-standard-names/31/build/cf-standard-name-table.html#sea_water_temperature,8.67,,degrees Celcius,http://vocab.nerc.ac.uk/collection/P06/current/UPAA/,Temperature Probe on Hercules ROV
561011,,,sea_water_temperature,http://cfconventions.org/Data/cf-standard-names/31/build/cf-standard-name-table.html#sea_water_temperature,8.6,,degrees Celcius,http://vocab.nerc.ac.uk/collection/P06/current/UPAA/,Temperature Probe on Hercules ROV
561021,,,sea_water_temperature,http://cfconventions.org/Data/cf-standard-names/31/build/cf-standard-name-table.html#sea_water_temperature,8.62,,degrees Celcius,http://vocab.nerc.ac.uk/collection/P06/current/UPAA/,Temperature Probe on Hercules ROV
561041,,,sea_water_temperature,http://cfconventions.org/Data/cf-standard-names/31/build/cf-standard-name-table.html#sea_water_temperature,8.6,,degrees Celcius,http://vocab.nerc.ac.uk/collection/P06/current/UPAA/,Temperature Probe on Hercules ROV
561051,,,sea_water_temperature,http://cfconventions.org/Data/cf-standard-names/31/build/cf-standard-name-table.html#sea_water_temperature,8.59,,degrees Celcius,http://vocab.nerc.ac.uk/collection/P06/current/UPAA/,Temperature Probe on Hercules ROV
561061,,,sea_water_temperature,http://cfconventions.org/Data/cf-standard-names/31/build/cf-standard-name-table.html#sea_water_temperature,8.65,,degrees Celcius,http://vocab.nerc.ac.uk/collection/P06/current/UPAA/,Temperature Probe on Hercules ROV
561091,,,sea_water_temperature,http://cfconventions.org/Data/cf-standard-names/31/build/cf-standard-name-table.html#sea_water_temperature,8.58,,degrees Celcius,http://vocab.nerc.ac.uk/collection/P06/current/UPAA/,Temperature Probe on Hercules ROV
561101,,,sea_water_temperature,http://cfconventions.org/Data/cf-standard-names/31/build/cf-standard-name-table.html#sea_water_temperature,8.66,,degrees Celcius,http://vocab.nerc.ac.uk/collection/P06/current/UPAA/,Temperature Probe on Hercules ROV
561121,,,sea_water_temperature,http://cfconventions.org/Data/cf-standard-names/31/build/cf-standard-name-table.html#sea_water_temperature,8.6,,degrees Celcius,http://vocab.nerc.ac.uk/collection/P06/current/UPAA/,Temperature Probe on Hercules ROV
561131,,,sea_water_temperature,http://cfconventions.org/Data/cf-standard-names/31/build/cf-standard-name-table.html#sea_water_temperature,8.67,,degrees Celcius,http://vocab.nerc.ac.uk/collection/P06/current/UPAA/,Temperature Probe on Hercules ROV
561151,,,sea_water_temperature,http://cfconventions.org/Data/cf-standard-names/31/build/cf-standard-name-table.html#sea_water_temperature,8.6,,degrees Celcius,http://vocab.nerc.ac.uk/collection/P06/current/UPAA/,Temperature Probe on Hercules ROV
561161,,,sea_water_temperature,http://cfconventions.org/Data/cf-standard-names/31/build/cf-standard-name-table.html#sea_water_temperature,8.63,,degrees Celcius,http://vocab.nerc.ac.uk/collection/P06/current/UPAA/,Temperature Probe on Hercules ROV
561181,,,sea_water_temperature,http://cfconventions.org/Data/cf-standard-names/31/build/cf-standard-name-table.html#sea_water_temperature,8.63,,degrees Celcius,http://vocab.nerc.ac.uk/collection/P06/current/UPAA/,Temperature Probe on Hercules ROV
561221,,,sea_water_temperature,http://cfconventions.org/Data/cf-standard-names/31/build/cf-standard-name-table.html#sea_water_temperature,8.66,,degrees Celcius,http://vocab.nerc.ac.uk/collection/P06/current/UPAA/,Temperature Probe on Hercules ROV
561271,,,sea_water_temperature,http://cfconventions.org/Data/cf-standard-names/31/build/cf-standard-name-table.html#sea_water_temperature,8.68,,degrees Celcius,http://vocab.nerc.ac.uk/collection/P06/current/UPAA/,Temperature Probe on Hercules ROV
561291,,,sea_water_temperature,http://cfconventions.org/Data/cf-standard-names/31/build/cf-standard-name-table.html#sea_water_temperature,8.63,,degrees Celcius,http://vocab.nerc.ac.uk/collection/P06/current/UPAA/,Temperature Probe on Hercules ROV
561321,,,sea_water_temperature,http://cfconventions.org/Data/cf-standard-names/31/build/cf-standard-name-table.html#sea_water_temperature,8.67,,degrees Celcius,http://vocab.nerc.ac.uk/collection/P06/current/UPAA/,Temperature Probe on Hercules ROV
561361,,,sea_water_temperature,http://cfconventions.org/Data/cf-standard-names/31/build/cf-standard-name-table.html#sea_water_temperature,8.64,,degrees Celcius,http://vocab.nerc.ac.uk/collection/P06/current/UPAA/,Temperature Probe on Hercules ROV
561401,,,sea_water_temperature,http://cfconventions.org/Data/cf-standard-names/31/build/cf-standard-name-table.html#sea_water_temperature,8.59,,degrees Celcius,http://vocab.nerc.ac.uk/collection/P06/current/UPAA/,Temperature Probe on Hercules ROV
561431,,,sea_water_temperature,http://cfconventions.org/Data/cf-standard-names/31/build/cf-standard-name-table.html#sea_water_temperature,8.68,,degrees Celcius,http://vocab.nerc.ac.uk/collection/P06/current/UPAA/,Temperature Probe on Hercules ROV
561451,,,sea_water_temperature,http://cfconventions.org/Data/cf-standard-names/31/build/cf-standard-name-table.html#sea_water_temperature,8.62,,degrees Celcius,http://vocab.nerc.ac.uk/collection/P06/current/UPAA/,Temperature Probe on Hercules ROV
561471,,,sea_water_temperature,http://cfconventions.org/Data/cf-standard-names/31/build/cf-standard-name-table.html#sea_water_temperature,8.67,,degrees Celcius,http://vocab.nerc.ac.uk/collection/P06/current/UPAA/,Temperature Probe on Hercules ROV
561481,,,sea_water_temperature,http://cfconventions.org/Data/cf-standard-names/31/build/cf-standard-name-table.html#sea_water_temperature,8.6,,degrees Celcius,http://vocab.nerc.ac.uk/collection/P06/current/UPAA/,Temperature Probe on Hercules ROV
561531,,,sea_water_temperature,http://cfconventions.org/Data/cf-standard-names/31/build/cf-standard-name-table.html#sea_water_temperature,8.62,,degrees Celcius,http://vocab.nerc.ac.uk/collection/P06/current/UPAA/,Temperature Probe on Hercules ROV
561521,,,sea_water_temperature,http://cfconventions.org/Data/cf-standard-names/31/build/cf-standard-name-table.html#sea_water_temperature,8.6,,degrees Celcius,http://vocab.nerc.ac.uk/collection/P06/current/UPAA/,Temperature Probe on Hercules ROV
561561,,,sea_water_temperature,http://cfconventions.org/Data/cf-standard-names/31/build/cf-standard-name-table.html#sea_water_temperature,8.59,,degrees Celcius,http://vocab.nerc.ac.uk/collection/P06/current/UPAA/,Temperature Probe on Hercules ROV
561581,,,sea_water_temperature,http://cfconventions.org/Data/cf-standard-names/31/build/cf-standard-name-table.html#sea_water_temperature,8.65,,degrees Celcius,http://vocab.nerc.ac.uk/collection/P06/current/UPAA/,Temperature Probe on Hercules ROV
561571,,,sea_water_temperature,http://cfconventions.org/Data/cf-standard-names/31/build/cf-standard-name-table.html#sea_water_temperature,8.58,,degrees Celcius,http://vocab.nerc.ac.uk/collection/P06/current/UPAA/,Temperature Probe on Hercules ROV
561611,,,sea_water_temperature,http://cfconventions.org/Data/cf-standard-names/31/build/cf-standard-name-table.html#sea_water_temperature,8.66,,degrees Celcius,http://vocab.nerc.ac.uk/collection/P06/current/UPAA/,Temperature Probe on Hercules ROV
561621,,,sea_water_temperature,http://cfconventions.org/Data/cf-standard-names/31/build/cf-standard-name-table.html#sea_water_temperature,8.6,,degrees Celcius,http://vocab.nerc.ac.uk/collection/P06/current/UPAA/,Temperature Probe on Hercules ROV
561631,,,sea_water_temperature,http://cfconventions.org/Data/cf-standard-names/31/build/cf-standard-name-table.html#sea_water_temperature,8.67,,degrees Celcius,http://vocab.nerc.ac.uk/collection/P06/current/UPAA/,Temperature Probe on Hercules ROV
561651,,,sea_water_temperature,http://cfconventions.org/Data/cf-standard-names/31/build/cf-standard-name-table.html#sea_water_temperature,8.6,,degrees Celcius,http://vocab.nerc.ac.uk/collection/P06/current/UPAA/,Temperature Probe on Hercules ROV
561671,,,sea_water_temperature,http://cfconventions.org/Data/cf-standard-names/31/build/cf-standard-name-table.html#sea_water_temperature,8.63,,degrees Celcius,http://vocab.nerc.ac.uk/collection/P06/current/UPAA/,Temperature Probe on Hercules ROV
561681,,,sea_water_temperature,http://cfconventions.org/Data/cf-standard-names/31/build/cf-standard-name-table.html#sea_water_temperature,8.63,,degrees Celcius,http://vocab.nerc.ac.uk/collection/P06/current/UPAA/,Temperature Probe on Hercules ROV
561711,,,sea_water_temperature,http://cfconventions.org/Data/cf-standard-names/31/build/cf-standard-name-table.html#sea_water_temperature,8.66,,degrees Celcius,http://vocab.nerc.ac.uk/collection/P06/current/UPAA/,Temperature Probe on Hercules ROV
561761,,,sea_water_temperature,http://cfconventions.org/Data/cf-standard-names/31/build/cf-standard-name-table.html#sea_water_temperature,8.68,,degrees Celcius,http://vocab.nerc.ac.uk/collection/P06/current/UPAA/,Temperature Probe on Hercules ROV
561781,,,sea_water_temperature,http://cfconventions.org/Data/cf-standard-names/31/build/cf-standard-name-table.html#sea_water_temperature,8.63,,degrees Celcius,http://vocab.nerc.ac.uk/collection/P06/current/UPAA/,Temperature Probe on Hercules ROV
561801,,,sea_water_temperature,http://cfconventions.org/Data/cf-standard-names/31/build/cf-standard-name-table.html#sea_water_temperature,8.67,,degrees Celcius,http://vocab.nerc.ac.uk/collection/P06/current/UPAA/,Temperature Probe on Hercules ROV
561811,,,sea_water_temperature,http://cfconventions.org/Data/cf-standard-names/31/build/cf-standard-name-table.html#sea_water_temperature,8.64,,degrees Celcius,http://vocab.nerc.ac.uk/collection/P06/current/UPAA/,Temperature Probe on Hercules ROV
561841,,,sea_water_temperature,http://cfconventions.org/Data/cf-standard-names/31/build/cf-standard-name-table.html#sea_water_temperature,8.59,,degrees Celcius,http://vocab.nerc.ac.uk/collection/P06/current/UPAA/,Temperature Probe on Hercules ROV
561881,,,sea_water_temperature,http://cfconventions.org/Data/cf-standard-names/31/build/cf-standard-name-table.html#sea_water_temperature,8.68,,degrees Celcius,http://vocab.nerc.ac.uk/collection/P06/current/UPAA/,Temperature Probe on Hercules ROV
561911,,,sea_water_temperature,http://cfconventions.org/Data/cf-standard-names/31/build/cf-standard-name-table.html#sea_water_temperature,8.62,,degrees Celcius,http://vocab.nerc.ac.uk/collection/P06/current/UPAA/,Temperature Probe on Hercules ROV
561921,,,sea_water_temperature,http://cfconventions.org/Data/cf-standard-names/31/build/cf-standard-name-table.html#sea_water_temperature,8.67,,degrees Celcius,http://vocab.nerc.ac.uk/collection/P06/current/UPAA/,Temperature Probe on Hercules ROV
561951,,,sea_water_temperature,http://cfconventions.org/Data/cf-standard-names/31/build/cf-standard-name-table.html#sea_water_temperature,8.6,,degrees Celcius,http://vocab.nerc.ac.uk/collection/P06/current/UPAA/,Temperature Probe on Hercules ROV
561971,,,sea_water_temperature,http://cfconventions.org/Data/cf-standard-names/31/build/cf-standard-name-table.html#sea_water_temperature,8.62,,degrees Celcius,http://vocab.nerc.ac.uk/collection/P06/current/UPAA/,Temperature Probe on Hercules ROV
561991,,,sea_water_temperature,http://cfconventions.org/Data/cf-standard-names/31/build/cf-standard-name-table.html#sea_water_temperature,8.6,,degrees Celcius,http://vocab.nerc.ac.uk/collection/P06/current/UPAA/,Temperature Probe on Hercules ROV
562021,,,sea_water_temperature,http://cfconventions.org/Data/cf-standard-names/31/build/cf-standard-name-table.html#sea_water_temperature,8.59,,degrees Celcius,http://vocab.nerc.ac.uk/collection/P06/current/UPAA/,Temperature Probe on Hercules ROV
562051,,,sea_water_temperature,http://cfconventions.org/Data/cf-standard-names/31/build/cf-standard-name-table.html#sea_water_temperature,8.65,,degrees Celcius,http://vocab.nerc.ac.uk/collection/P06/current/UPAA/,Temperature Probe on Hercules ROV
562061,,,sea_water_temperature,http://cfconventions.org/Data/cf-standard-names/31/build/cf-standard-name-table.html#sea_water_temperature,8.58,,degrees Celcius,http://vocab.nerc.ac.uk/collection/P06/current/UPAA/,Temperature Probe on Hercules ROV
562091,,,sea_water_temperature,http://cfconventions.org/Data/cf-standard-names/31/build/cf-standard-name-table.html#sea_water_temperature,8.66,,degrees Celcius,http://vocab.nerc.ac.uk/collection/P06/current/UPAA/,Temperature Probe on Hercules ROV
562111,,,sea_water_temperature,http://cfconventions.org/Data/cf-standard-names/31/build/cf-standard-name-table.html#sea_water_temperature,8.6,,degrees Celcius,http://vocab.nerc.ac.uk/collection/P06/current/UPAA/,Temperature Probe on Hercules ROV
562131,,,sea_water_temperature,http://cfconventions.org/Data/cf-standard-names/31/build/cf-standard-name-table.html#sea_water_temperature,8.67,,degrees Celcius,http://vocab.nerc.ac.uk/collection/P06/current/UPAA/,Temperature Probe on Hercules ROV
562141,,,sea_water_temperature,http://cfconventions.org/Data/cf-standard-names/31/build/cf-standard-name-table.html#sea_water_temperature,8.6,,degrees Celcius,http://vocab.nerc.ac.uk/collection/P06/current/UPAA/,Temperature Probe on Hercules ROV
562171,,,sea_water_temperature,http://cfconventions.org/Data/cf-standard-names/31/build/cf-standard-name-table.html#sea_water_temperature,8.63,,degrees Celcius,http://vocab.nerc.ac.uk/collection/P06/current/UPAA/,Temperature Probe on Hercules ROV
567931,,,sea_water_temperature,http://cfconventions.org/Data/cf-standard-names/31/build/cf-standard-name-table.html#sea_water_temperature,8.63,,degrees Celcius,http://vocab.nerc.ac.uk/collection/P06/current/UPAA/,Temperature Probe on Hercules ROV
567941,,,sea_water_temperature,http://cfconventions.org/Data/cf-standard-names/31/build/cf-standard-name-table.html#sea_water_temperature,8.66,,degrees Celcius,http://vocab.nerc.ac.uk/collection/P06/current/UPAA/,Temperature Probe on Hercules ROV
567951,,,sea_water_temperature,http://cfconventions.org/Data/cf-standard-names/31/build/cf-standard-name-table.html#sea_water_temperature,8.68,,degrees Celcius,http://vocab.nerc.ac.uk/collection/P06/current/UPAA/,Temperature Probe on Hercules ROV
567961,,,sea_water_temperature,http://cfconventions.org/Data/cf-standard-names/31/build/cf-standard-name-table.html#sea_water_temperature,8.67,,degrees Celcius,http://vocab.nerc.ac.uk/collection/P06/current/UPAA/,Temperature Probe on Hercules ROV
567981,,,sea_water_temperature,http://cfconventions.org/Data/cf-standard-names/31/build/cf-standard-name-table.html#sea_water_temperature,8.6,,degrees Celcius,http://vocab.nerc.ac.uk/collection/P06/current/UPAA/,Temperature Probe on Hercules ROV
567991,,,sea_water_temperature,http://cfconventions.org/Data/cf-standard-names/31/build/cf-standard-name-table.html#sea_water_temperature,8.63,,degrees Celcius,http://vocab.nerc.ac.uk/collection/P06/current/UPAA/,Temperature Probe on Hercules ROV
568011,,,sea_water_temperature,http://cfconventions.org/Data/cf-standard-names/31/build/cf-standard-name-table.html#sea_water_temperature,8.63,,degrees Celcius,http://vocab.nerc.ac.uk/collection/P06/current/UPAA/,Temperature Probe on Hercules ROV
568031,,,sea_water_temperature,http://cfconventions.org/Data/cf-standard-names/31/build/cf-standard-name-table.html#sea_water_temperature,8.66,,degrees Celcius,http://vocab.nerc.ac.uk/collection/P06/current/UPAA/,Temperature Probe on Hercules ROV
568041,,,sea_water_temperature,http://cfconventions.org/Data/cf-standard-names/31/build/cf-standard-name-table.html#sea_water_temperature,8.68,,degrees Celcius,http://vocab.nerc.ac.uk/collection/P06/current/UPAA/,Temperature Probe on Hercules ROV
560871,824761,,number_of_observations,http://cfconventions.org/Data/cf-standard-names/31/build/cf-standard-name-table.html#number_of_observations,1,,dimensionless,http://vocab.nerc.ac.uk/collection/P06/current/UUUU/,Insite Pacific Zeus plus HD Camera on Hercules ROV
560881,824771,,number_of_observations,http://cfconventions.org/Data/cf-standard-names/31/build/cf-standard-name-table.html#number_of_observations,1,,dimensionless,http://vocab.nerc.ac.uk/collection/P06/current/UUUU/,Insite Pacific Zeus plus HD Camera on Hercules ROV
560901,824811,,number_of_observations,http://cfconventions.org/Data/cf-standard-names/31/build/cf-standard-name-table.html#number_of_observations,1,,dimensionless,http://vocab.nerc.ac.uk/collection/P06/current/UUUU/,Insite Pacific Zeus plus HD Camera on Hercules ROV
560921,824831,,number_of_observations,http://cfconventions.org/Data/cf-standard-names/31/build/cf-standard-name-table.html#number_of_observations,1,,dimensionless,http://vocab.nerc.ac.uk/collection/P06/current/UUUU/,Insite Pacific Zeus plus HD Camera on Hercules ROV
560951,824881,,number_of_observations,http://cfconventions.org/Data/cf-standard-names/31/build/cf-standard-name-table.html#number_of_observations,1,,dimensionless,http://vocab.nerc.ac.uk/collection/P06/current/UUUU/,Insite Pacific Zeus plus HD Camera on Hercules ROV
560971,824901,,number_of_observations,http://cfconventions.org/Data/cf-standard-names/31/build/cf-standard-name-table.html#number_of_observations,1,,dimensionless,http://vocab.nerc.ac.uk/collection/P06/current/UUUU/,Insite Pacific Zeus plus HD Camera on Hercules ROV
561001,824951,,number_of_observations,http://cfconventions.org/Data/cf-standard-names/31/build/cf-standard-name-table.html#number_of_observations,1,,dimensionless,http://vocab.nerc.ac.uk/collection/P06/current/UUUU/,Insite Pacific Zeus plus HD Camera on Hercules ROV
561011,824971,,number_of_observations,http://cfconventions.org/Data/cf-standard-names/31/build/cf-standard-name-table.html#number_of_observations,1,,dimensionless,http://vocab.nerc.ac.uk/collection/P06/current/UUUU/,Insite Pacific Zeus plus HD Camera on Hercules ROV
561021,824981,,number_of_observations,http://cfconventions.org/Data/cf-standard-names/31/build/cf-standard-name-table.html#number_of_observations,1,,dimensionless,http://vocab.nerc.ac.uk/collection/P06/current/UUUU/,Insite Pacific Zeus plus HD Camera on Hercules ROV
561041,825001,,number_of_observations,http://cfconventions.org/Data/cf-standard-names/31/build/cf-standard-name-table.html#number_of_observations,1,,dimensionless,http://vocab.nerc.ac.uk/collection/P06/current/UUUU/,Insite Pacific Zeus plus HD Camera on Hercules ROV
561051,825031,,number_of_observations,http://cfconventions.org/Data/cf-standard-names/31/build/cf-standard-name-table.html#number_of_observations,1,,dimensionless,http://vocab.nerc.ac.uk/collection/P06/current/UUUU/,Insite Pacific Zeus plus HD Camera on Hercules ROV
561061,825041,,number_of_observations,http://cfconventions.org/Data/cf-standard-names/31/build/cf-standard-name-table.html#number_of_observations,1,,dimensionless,http://vocab.nerc.ac.uk/collection/P06/current/UUUU/,Insite Pacific Zeus plus HD Camera on Hercules ROV
561091,825071,,number_of_observations,http://cfconventions.org/Data/cf-standard-names/31/build/cf-standard-name-table.html#number_of_observations,1,,dimensionless,http://vocab.nerc.ac.uk/collection/P06/current/UUUU/,Insite Pacific Zeus plus HD Camera on Hercules ROV
561101,825081,,number_of_observations,http://cfconventions.org/Data/cf-standard-names/31/build/cf-standard-name-table.html#number_of_observations,1,,dimensionless,http://vocab.nerc.ac.uk/collection/P06/current/UUUU/,Insite Pacific Zeus plus HD Camera on Hercules ROV
561121,825111,,number_of_observations,http://cfconventions.org/Data/cf-standard-names/31/build/cf-standard-name-table.html#number_of_observations,1,,dimensionless,http://vocab.nerc.ac.uk/collection/P06/current/UUUU/,Insite Pacific Zeus plus HD Camera on Hercules ROV
561131,825121,,number_of_observations,http://cfconventions.org/Data/cf-standard-names/31/build/cf-standard-name-table.html#number_of_observations,1,,dimensionless,http://vocab.nerc.ac.uk/collection/P06/current/UUUU/,Insite Pacific Zeus plus HD Camera on Hercules ROV
561151,825151,,number_of_observations,http://cfconventions.org/Data/cf-standard-names/31/build/cf-standard-name-table.html#number_of_observations,1,,dimensionless,http://vocab.nerc.ac.uk/collection/P06/current/UUUU/,Insite Pacific Zeus plus HD Camera on Hercules ROV
561161,825161,,number_of_observations,http://cfconventions.org/Data/cf-standard-names/31/build/cf-standard-name-table.html#number_of_observations,1,,dimensionless,http://vocab.nerc.ac.uk/collection/P06/current/UUUU/,Insite Pacific Zeus plus HD Camera on Hercules ROV
561181,825181,,number_of_observations,http://cfconventions.org/Data/cf-standard-names/31/build/cf-standard-name-table.html#number_of_observations,1,,dimensionless,http://vocab.nerc.ac.uk/collection/P06/current/UUUU/,Insite Pacific Zeus plus HD Camera on Hercules ROV
561221,825221,,number_of_observations,http://cfconventions.org/Data/cf-standard-names/31/build/cf-standard-name-table.html#number_of_observations,1,,dimensionless,http://vocab.nerc.ac.uk/collection/P06/current/UUUU/,Insite Pacific Zeus plus HD Camera on Hercules ROV
561271,825271,,number_of_observations,http://cfconventions.org/Data/cf-standard-names/31/build/cf-standard-name-table.html#number_of_observations,1,,dimensionless,http://vocab.nerc.ac.uk/collection/P06/current/UUUU/,Insite Pacific Zeus plus HD Camera on Hercules ROV
561291,825301,,number_of_observations,http://cfconventions.org/Data/cf-standard-names/31/build/cf-standard-name-table.html#number_of_observations,1,,dimensionless,http://vocab.nerc.ac.uk/collection/P06/current/UUUU/,Insite Pacific Zeus plus HD Camera on Hercules ROV
561321,825331,,number_of_observations,http://cfconventions.org/Data/cf-standard-names/31/build/cf-standard-name-table.html#number_of_observations,1,,dimensionless,http://vocab.nerc.ac.uk/collection/P06/current/UUUU/,Insite Pacific Zeus plus HD Camera on Hercules ROV
561361,825371,,number_of_observations,http://cfconventions.org/Data/cf-standard-names/31/build/cf-standard-name-table.html#number_of_observations,1,,dimensionless,http://vocab.nerc.ac.uk/collection/P06/current/UUUU/,Insite Pacific Zeus plus HD Camera on Hercules ROV
561401,825411,,number_of_observations,http://cfconventions.org/Data/cf-standard-names/31/build/cf-standard-name-table.html#number_of_observations,1,,dimensionless,http://vocab.nerc.ac.uk/collection/P06/current/UUUU/,Insite Pacific Zeus plus HD Camera on Hercules ROV
561431,825451,,number_of_observations,http://cfconventions.org/Data/cf-standard-names/31/build/cf-standard-name-table.html#number_of_observations,1,,dimensionless,http://vocab.nerc.ac.uk/collection/P06/current/UUUU/,Insite Pacific Zeus plus HD Camera on Hercules ROV
561451,825471,,number_of_observations,http://cfconventions.org/Data/cf-standard-names/31/build/cf-standard-name-table.html#number_of_observations,1,,dimensionless,http://vocab.nerc.ac.uk/collection/P06/current/UUUU/,Insite Pacific Zeus plus HD Camera on Hercules ROV
561471,825491,,number_of_observations,http://cfconventions.org/Data/cf-standard-names/31/build/cf-standard-name-table.html#number_of_observations,1,,dimensionless,http://vocab.nerc.ac.uk/collection/P06/current/UUUU/,Insite Pacific Zeus plus HD Camera on Hercules ROV
561481,825521,,number_of_observations,http://cfconventions.org/Data/cf-standard-names/31/build/cf-standard-name-table.html#number_of_observations,1,,dimensionless,http://vocab.nerc.ac.uk/collection/P06/current/UUUU/,Insite Pacific Zeus plus HD Camera on Hercules ROV
561531,825581,,number_of_observations,http://cfconventions.org/Data/cf-standard-names/31/build/cf-standard-name-table.html#number_of_observations,1,,dimensionless,http://vocab.nerc.ac.uk/collection/P06/current/UUUU/,Insite Pacific Zeus plus HD Camera on Hercules ROV
561521,825561,,number_of_observations,http://cfconventions.org/Data/cf-standard-names/31/build/cf-standard-name-table.html#number_of_observations,1,,dimensionless,http://vocab.nerc.ac.uk/collection/P06/current/UUUU/,Insite Pacific Zeus plus HD Camera on Hercules ROV
561561,825631,,number_of_observations,http://cfconventions.org/Data/cf-standard-names/31/build/cf-standard-name-table.html#number_of_observations,1,,dimensionless,http://vocab.nerc.ac.uk/collection/P06/current/UUUU/,Insite Pacific Zeus plus HD Camera on Hercules ROV
561581,825651,,number_of_observations,http://cfconventions.org/Data/cf-standard-names/31/build/cf-standard-name-table.html#number_of_observations,1,,dimensionless,http://vocab.nerc.ac.uk/collection/P06/current/UUUU/,Insite Pacific Zeus plus HD Camera on Hercules ROV
561571,825641,,number_of_observations,http://cfconventions.org/Data/cf-standard-names/31/build/cf-standard-name-table.html#number_of_observations,1,,dimensionless,http://vocab.nerc.ac.uk/collection/P06/current/UUUU/,Insite Pacific Zeus plus HD Camera on Hercules ROV
561611,825691,,number_of_observations,http://cfconventions.org/Data/cf-standard-names/31/build/cf-standard-name-table.html#number_of_observations,1,,dimensionless,http://vocab.nerc.ac.uk/collection/P06/current/UUUU/,Insite Pacific Zeus plus HD Camera on Hercules ROV
561621,825701,,number_of_observations,http://cfconventions.org/Data/cf-standard-names/31/build/cf-standard-name-table.html#number_of_observations,1,,dimensionless,http://vocab.nerc.ac.uk/collection/P06/current/UUUU/,Insite Pacific Zeus plus HD Camera on Hercules ROV
561631,825711,,number_of_observations,http://cfconventions.org/Data/cf-standard-names/31/build/cf-standard-name-table.html#number_of_observations,1,,dimensionless,http://vocab.nerc.ac.uk/collection/P06/current/UUUU/,Insite Pacific Zeus plus HD Camera on Hercules ROV
561651,825731,,number_of_observations,http://cfconventions.org/Data/cf-standard-names/31/build/cf-standard-name-table.html#number_of_observations,1,,dimensionless,http://vocab.nerc.ac.uk/collection/P06/current/UUUU/,Insite Pacific Zeus plus HD Camera on Hercules ROV
561671,825751,,number_of_observations,http://cfconventions.org/Data/cf-standard-names/31/build/cf-standard-name-table.html#number_of_observations,1,,dimensionless,http://vocab.nerc.ac.uk/collection/P06/current/UUUU/,Insite Pacific Zeus plus HD Camera on Hercules ROV
561681,825771,,number_of_observations,http://cfconventions.org/Data/cf-standard-names/31/build/cf-standard-name-table.html#number_of_observations,1,,dimensionless,http://vocab.nerc.ac.uk/collection/P06/current/UUUU/,Insite Pacific Zeus plus HD Camera on Hercules ROV
561711,825811,,number_of_observations,http://cfconventions.org/Data/cf-standard-names/31/build/cf-standard-name-table.html#number_of_observations,1,,dimensionless,http://vocab.nerc.ac.uk/collection/P06/current/UUUU/,Insite Pacific Zeus plus HD Camera on Hercules ROV
561761,825871,,number_of_observations,http://cfconventions.org/Data/cf-standard-names/31/build/cf-standard-name-table.html#number_of_observations,1,,dimensionless,http://vocab.nerc.ac.uk/collection/P06/current/UUUU/,Insite Pacific Zeus plus HD Camera on Hercules ROV
561781,825891,,number_of_observations,http://cfconventions.org/Data/cf-standard-names/31/build/cf-standard-name-table.html#number_of_observations,1,,dimensionless,http://vocab.nerc.ac.uk/collection/P06/current/UUUU/,Insite Pacific Zeus plus HD Camera on Hercules ROV
561801,825911,,number_of_observations,http://cfconventions.org/Data/cf-standard-names/31/build/cf-standard-name-table.html#number_of_observations,1,,dimensionless,http://vocab.nerc.ac.uk/collection/P06/current/UUUU/,Insite Pacific Zeus plus HD Camera on Hercules ROV
561811,825931,,number_of_observations,http://cfconventions.org/Data/cf-standard-names/31/build/cf-standard-name-table.html#number_of_observations,1,,dimensionless,http://vocab.nerc.ac.uk/collection/P06/current/UUUU/,Insite Pacific Zeus plus HD Camera on Hercules ROV
561841,825961,,number_of_observations,http://cfconventions.org/Data/cf-standard-names/31/build/cf-standard-name-table.html#number_of_observations,1,,dimensionless,http://vocab.nerc.ac.uk/collection/P06/current/UUUU/,Insite Pacific Zeus plus HD Camera on Hercules ROV
561881,826011,,number_of_observations,http://cfconventions.org/Data/cf-standard-names/31/build/cf-standard-name-table.html#number_of_observations,1,,dimensionless,http://vocab.nerc.ac.uk/collection/P06/current/UUUU/,Insite Pacific Zeus plus HD Camera on Hercules ROV
561911,826041,,number_of_observations,http://cfconventions.org/Data/cf-standard-names/31/build/cf-standard-name-table.html#number_of_observations,1,,dimensionless,http://vocab.nerc.ac.uk/collection/P06/current/UUUU/,Insite Pacific Zeus plus HD Camera on Hercules ROV
561921,826061,,number_of_observations,http://cfconventions.org/Data/cf-standard-names/31/build/cf-standard-name-table.html#number_of_observations,1,,dimensionless,http://vocab.nerc.ac.uk/collection/P06/current/UUUU/,Insite Pacific Zeus plus HD Camera on Hercules ROV
561951,826091,,number_of_observations,http://cfconventions.org/Data/cf-standard-names/31/build/cf-standard-name-table.html#number_of_observations,1,,dimensionless,http://vocab.nerc.ac.uk/collection/P06/current/UUUU/,Insite Pacific Zeus plus HD Camera on Hercules ROV
561971,826121,,number_of_observations,http://cfconventions.org/Data/cf-standard-names/31/build/cf-standard-name-table.html#number_of_observations,1,,dimensionless,http://vocab.nerc.ac.uk/collection/P06/current/UUUU/,Insite Pacific Zeus plus HD Camera on Hercules ROV
561991,826151,,number_of_observations,http://cfconventions.org/Data/cf-standard-names/31/build/cf-standard-name-table.html#number_of_observations,1,,dimensionless,http://vocab.nerc.ac.uk/collection/P06/current/UUUU/,Insite Pacific Zeus plus HD Camera on Hercules ROV
562021,826181,,number_of_observations,http://cfconventions.org/Data/cf-standard-names/31/build/cf-standard-name-table.html#number_of_observations,1,,dimensionless,http://vocab.nerc.ac.uk/collection/P06/current/UUUU/,Insite Pacific Zeus plus HD Camera on Hercules ROV
562051,826211,,number_of_observations,http://cfconventions.org/Data/cf-standard-names/31/build/cf-standard-name-table.html#number_of_observations,1,,dimensionless,http://vocab.nerc.ac.uk/collection/P06/current/UUUU/,Insite Pacific Zeus plus HD Camera on Hercules ROV
562061,826221,,number_of_observations,http://cfconventions.org/Data/cf-standard-names/31/build/cf-standard-name-table.html#number_of_observations,1,,dimensionless,http://vocab.nerc.ac.uk/collection/P06/current/UUUU/,Insite Pacific Zeus plus HD Camera on Hercules ROV
562091,826261,,number_of_observations,http://cfconventions.org/Data/cf-standard-names/31/build/cf-standard-name-table.html#number_of_observations,1,,dimensionless,http://vocab.nerc.ac.uk/collection/P06/current/UUUU/,Insite Pacific Zeus plus HD Camera on Hercules ROV
562111,826281,,number_of_observations,http://cfconventions.org/Data/cf-standard-names/31/build/cf-standard-name-table.html#number_of_observations,1,,dimensionless,http://vocab.nerc.ac.uk/collection/P06/current/UUUU/,Insite Pacific Zeus plus HD Camera on Hercules ROV
562131,826321,,number_of_observations,http://cfconventions.org/Data/cf-standard-names/31/build/cf-standard-name-table.html#number_of_observations,1,,dimensionless,http://vocab.nerc.ac.uk/collection/P06/current/UUUU/,Insite Pacific Zeus plus HD Camera on Hercules ROV
562141,826331,,number_of_observations,http://cfconventions.org/Data/cf-standard-names/31/build/cf-standard-name-table.html#number_of_observations,1,,dimensionless,http://vocab.nerc.ac.uk/collection/P06/current/UUUU/,Insite Pacific Zeus plus HD Camera on Hercules ROV
562171,826361,,number_of_observations,http://cfconventions.org/Data/cf-standard-names/31/build/cf-standard-name-table.html#number_of_observations,1,,dimensionless,http://vocab.nerc.ac.uk/collection/P06/current/UUUU/,Insite Pacific Zeus plus HD Camera on Hercules ROV
567931,832391,,number_of_observations,http://cfconventions.org/Data/cf-standard-names/31/build/cf-standard-name-table.html#number_of_observations,1,,dimensionless,http://vocab.nerc.ac.uk/collection/P06/current/UUUU/,Insite Pacific Zeus plus HD Camera on Hercules ROV
567941,832401,,number_of_observations,http://cfconventions.org/Data/cf-standard-names/31/build/cf-standard-name-table.html#number_of_observations,1,,dimensionless,http://vocab.nerc.ac.uk/collection/P06/current/UUUU/,Insite Pacific Zeus plus HD Camera on Hercules ROV
567951,832411,,number_of_observations,http://cfconventions.org/Data/cf-standard-names/31/build/cf-standard-name-table.html#number_of_observations,1,,dimensionless,http://vocab.nerc.ac.uk/collection/P06/current/UUUU/,Insite Pacific Zeus plus HD Camera on Hercules ROV
567961,832421,,number_of_observations,http://cfconventions.org/Data/cf-standard-names/31/build/cf-standard-name-table.html#number_of_observations,1,,dimensionless,http://vocab.nerc.ac.uk/collection/P06/current/UUUU/,Insite Pacific Zeus plus HD Camera on Hercules ROV
567981,832441,,number_of_observations,http://cfconventions.org/Data/cf-standard-names/31/build/cf-standard-name-table.html#number_of_observations,1,,dimensionless,http://vocab.nerc.ac.uk/collection/P06/current/UUUU/,Insite Pacific Zeus plus HD Camera on Hercules ROV
567991,832451,,number_of_observations,http://cfconventions.org/Data/cf-standard-names/31/build/cf-standard-name-table.html#number_of_observations,1,,dimensionless,http://vocab.nerc.ac.uk/collection/P06/current/UUUU/,Insite Pacific Zeus plus HD Camera on Hercules ROV
568011,832481,,number_of_observations,http://cfconventions.org/Data/cf-standard-names/31/build/cf-standard-name-table.html#number_of_observations,1,,dimensionless,http://vocab.nerc.ac.uk/collection/P06/current/UUUU/,Insite Pacific Zeus plus HD Camera on Hercules ROV
568031,832501,,number_of_observations,http://cfconventions.org/Data/cf-standard-names/31/build/cf-standard-name-table.html#number_of_observations,1,,dimensionless,http://vocab.nerc.ac.uk/collection/P06/current/UUUU/,Insite Pacific Zeus plus HD Camera on Hercules ROV
568041,832521,,number_of_observations,http://cfconventions.org/Data/cf-standard-names/31/build/cf-standard-name-table.html#number_of_observations,1,,dimensionless,http://vocab.nerc.ac.uk/collection/P06/current/UUUU/,Insite Pacific Zeus plus HD Camera on Hercules ROV
VS000107,,,platform_speed_wrt_sea_water,http://cfconventions.org/Data/cf-standard-names/31/build/cf-standard-name-table.html#platform_speed_wrt_sea_water,0.43944444,,metres per second,http://vocab.nerc.ac.uk/collection/P06/current/UVAA/,Insite Pacific Zeus plus HD Camera on Hercules ROV
VS000108,,,platform_speed_wrt_sea_water,http://cfconventions.org/Data/cf-standard-names/31/build/cf-standard-name-table.html#platform_speed_wrt_sea_water,0.43944444,,metres per second,http://vocab.nerc.ac.uk/collection/P06/current/UVAA/,Insite Pacific Zeus plus HD Camera on Hercules ROV
