<archive xmlns="http://rs.tdwg.org/dwc/text/" metadata="eml.xml">
  <core encoding="UTF-8" fieldsTerminatedBy="\t" linesTerminatedBy="\n" fieldsEnclosedBy="" ignoreHeaderLines="1" rowType="http://rs.tdwg.org/dwc/terms/Event">
    <files>
      <location>event.csv</location>
    </files>
    <id index="0" />
    <field index="1" term="http://purl.org/dc/terms/eventID"/>
    <field index="2" term="http://purl.org/dc/terms/parentEventID"/>
    <field index="3" term="http://purl.org/dc/terms/eventRemarks"/>
    <field index="4" term="http://purl.org/dc/terms/eventDate"/>
    <field index="5" term="http://purl.org/dc/terms/modified"/>
    <field index="6" term="http://purl.org/dc/terms/type"/>
    <field index="7" term="http://purl.org/dc/terms/habitat"/>
    <field index="8" term="http://purl.org/dc/terms/decimalLatitude"/>
    <field index="9" term="http://purl.org/dc/terms/decimalLongitude"/>
    <field index="10" term="http://purl.org/dc/terms/minimumDepthInMeters"/>
    <field index="11" term="http://purl.org/dc/terms/maximumDepthInMeters"/>
    <field index="12" term="http://purl.org/dc/terms/verbatimCoordinateSystem"/>
    <field index="13" term="http://purl.org/dc/terms/geodeticDatum"/>
    <field index="14" term="http://purl.org/dc/terms/footprintWKT"/>
  </core>
  <extension encoding="UTF-8" fieldsTerminatedBy="\t" linesTerminatedBy="\n" fieldsEnclosedBy="" ignoreHeaderLines="1" rowType="http://rs.tdwg.org/dwc/terms/Occurrence">
    <files>
      <location>occurrence.csv</location>
    </files>
    <coreid index="0" />
    <field index="1" term="http://purl.org/dc/terms/occurrenceID"/>
    <field index="2" term="http://purl.org/dc/terms/eventID"/>
    <field index="3" term="http://purl.org/dc/terms/eventRemarks"/>
    <field index="4" term="http://purl.org/dc/terms/type"/>
    <field index="5" term="http://purl.org/dc/terms/basisOfRecord"/>
    <field index="6" term="http://purl.org/dc/terms/recordedBy"/>
    <field index="7" term="http://purl.org/dc/terms/occurrenceStatus"/>
    <field index="8" term="http://purl.org/dc/terms/vernacularName"/>
    <field index="9" term="http://purl.org/dc/terms/scientificName"/>
    <field index="10" term="http://purl.org/dc/terms/identidicationQualifier"/>
    <field index="11" term="http://purl.org/dc/terms/scientificNameID"/>
    <field index="12" term="http://purl.org/dc/terms/scientificNameAuthorship"/>
    <field index="13" term="http://purl.org/dc/terms/nomenclaturalCode"/>
    <field index="14" term="http://purl.org/dc/terms/taxonRank"/>
    <field index="15" term="http://purl.org/dc/terms/behavior"/>
    <field index="16" term="http://purl.org/dc/terms/associatedMedia"/>
    <field index="17" term="http://purl.org/dc/terms/institutionCode"/>
    <field index="18" term="http://purl.org/dc/terms/collectionCode"/>
    <field index="19" term="http://purl.org/dc/terms/bibliographicCitation"/>
  </extension>
  <extension encoding="UTF-8" fieldsTerminatedBy="\t" linesTerminatedBy="\n" fieldsEnclosedBy="" ignoreHeaderLines="1" rowType="http://rs.obis.org/obis/terms/ExtendedMeasurementOrFact">
    <files>
      <location>extendedmeasurementorfact.csv</location>
    </files>
    <coreid index="0" />
    <field index="1" term="http://rs.tdwg.org/dwc/terms/eventID"/>
    <field index="2" term="http://rs.tdwg.org/dwc/terms/occurrenceID"/>
    <field index="3" term="http://rs.tdwg.org/dwc/terms/measurementID"/>
    <field index="4" term="http://rs.tdwg.org/dwc/terms/measurementType"/>
    <field index="5" term="http://rs.tdwg.org/dwc/terms/measurementTypeID"/>
    <field index="6" term="http://rs.tdwg.org/dwc/terms/measurementValue"/>
    <field index="7" term="http://rs.tdwg.org/dwc/terms/measurementValueID"/>
    <field index="8" term="http://rs.tdwg.org/dwc/terms/measurementUnit"/>
    <field index="9" term="http://rs.tdwg.org/dwc/terms/measurementUnitID"/>
    <field index="10" term="http://rs.tdwg.org/dwc/terms/measurementMethod"/>
  </extension>
</archive>
