occurrenceID,eventID,eventRemarks,type,basisOfRecord,recordedBy,occurrenceStatus,vernacularName,scientificName,identificationQualifier,scientificNameID,scientificNameAuthorship,nomenclaturalCode,taxonRank,behavior,associatedMedia,institutionCode,collectionCode,bibliographicCitation
816441,552751,CHORDATE fish,MovingImage,HumanObservation,ONCS,present,Fish,Actinopterygii,stet.,urn:lsid:marinespecies.org:taxname:10194,,ICZN,Class,,https://data.oceannetworks.ca/SeaTubeV3?resourceTypeId=600&resourceId=2741&time=2018-07-28T11:06:31.000Z&annotationId=552751,ONCS,,WoRMS (2020). Actinopterygii. Accessed at: https://www.marinespecies.org/aphia.php?p=taxdetails&id=10194 on 2021-01-04
816581,552891,CHORDATE Myctophidae fish,MovingImage,HumanObservation,ONCS,present,Lanternfish,Myctophidae,stet.,urn:lsid:marinespecies.org:taxname:125498,"Gill, 1893",ICZN,Family,,https://data.oceannetworks.ca/SeaTubeV3?resourceTypeId=600&resourceId=2741&time=2018-07-28T11:14:03.000Z&annotationId=552891,ONCS,,"Froese, R. and D. Pauly. Editors. (2020). FishBase. Myctophidae Gill, 1893. Accessed through: World Register of Marine Species at: http://www.marinespecies.org/aphia.php?p=taxdetails&id=125498 on 2021-01-04"
816821,553131,CNIDARIAN dinner plate jellyfish (Solmissus sp.),MovingImage,HumanObservation,ONCS,present,Dinner Plate Jelly,Solmissus,stet.,urn:lsid:marinespecies.org:taxname:117074,"Haeckel, 1879",ICZN,Genus,,https://data.oceannetworks.ca/SeaTubeV3?resourceTypeId=600&resourceId=2741&time=2018-07-28T11:51:15.000Z&annotationId=553131,ONCS,,"Schuchert, P. (2021). World Hydrozoa Database. Solmissus Haeckel, 1879. Accessed through: World Register of Marine Species at: http://www.marinespecies.org/aphia.php?p=taxdetails&id=117074 on 2021-01-04"
14373310,5037800,CHORDATE Larvacean,MovingImage,HumanObservation,ONCS,present,Larvacean,Appendicularia,stet.,urn:lsid:marinespecies.org:taxname:146421,,ICZN,Class,,https://data.oceannetworks.ca/SeaTubeV3?resourceTypeId=600&resourceId=2741&time=2018-07-28T11:36:08.000Z&annotationId=5037800,ONCS,,"Hopcroft, R. (2021). World List of Appendicularia. Appendicularia. Accessed through: World Register of Marine Species at: http://www.marinespecies.org/aphia.php?p=taxdetails&id=146421 on 2021-01-04"
14373320,5037810,CHORDATE pyrosome,MovingImage,HumanObservation,ONCS,present,Pyrosome,Pyrosoma,stet.,urn:lsid:marinespecies.org:taxname:137224,"Péron, 1804",ICZN,Genus,,https://data.oceannetworks.ca/SeaTubeV3?resourceTypeId=600&resourceId=2741&time=2018-07-28T11:39:01.000Z&annotationId=5037810,ONCS,,"Madin, L. (2020). World List of Thaliacea. Pyrosoma Péron, 1804. Accessed through: World Register of Marine Species at: http://www.marinespecies.org/aphia.php?p=taxdetails&id=137224 on 2021-01-04"
14375790,5038830,CHORDATE Rattail (Coryphaenoides sp.),MovingImage,HumanObservation,ONCS,present,Rattail,Coryphaenoides,stet.,urn:lsid:marinespecies.org:taxname:125748,"Gunnerus, 1765",ICZN,Genus,,https://data.oceannetworks.ca/SeaTubeV3?resourceTypeId=600&resourceId=2741&time=2018-07-28T18:20:46.000Z&annotationId=5038830,ONCS,,"Froese, R. and D. Pauly. Editors. (2020). FishBase. Coryphaenoides Gunnerus, 1765. Accessed through: World Register of Marine Species at: http://www.marinespecies.org/aphia.php?p=taxdetails&id=125748 on 2021-01-04"
824761,560871,CHORDATE pyrosome,MovingImage,HumanObservation,ONCS,present,Pyrosome,Pyrosoma,stet.,urn:lsid:marinespecies.org:taxname:137224,"Péron, 1804",ICZN,Subgenus,,https://data.oceannetworks.ca/SeaTubeV3?resourceTypeId=660&resourceId=1950&time=2018-07-29T18:11:26.000Z&annotationId=560871,ONCS,,"Madin, L. (2021). World List of Thaliacea. Pyrosoma Péron, 1804. Accessed through: World Register of Marine Species at: http://www.marinespecies.org/aphia.php?p=taxdetails&id=137224 on 2021-01-15"
824771,560881,CNIDARIAN jellyfish,MovingImage,HumanObservation,ONCS,present,Jellyfish,Cnidaria,stet.,urn:lsid:marinespecies.org:taxname:1267,"Hatschek, 1888",ICZN,Class,,https://data.oceannetworks.ca/SeaTubeV3?resourceTypeId=660&resourceId=1950&time=2018-07-29T18:13:06.000Z&annotationId=560881,ONCS,,WoRMS (2021). Cnidaria. Accessed at: https://www.marinespecies.org/aphia.php?p=taxdetails&id=1267 on 2021-01-15
824811,560901,ANNELID polychaete,MovingImage,HumanObservation,ONCS,present,Polychaete,Polychaeta,stet.,urn:lsid:marinespecies.org:taxname:883,"Grube, 1850",ICZN,Subclass,,https://data.oceannetworks.ca/SeaTubeV3?resourceTypeId=660&resourceId=1950&time=2018-07-29T18:17:20.000Z&annotationId=560901,ONCS,,WoRMS (2021). Polychaeta. Accessed at: http://www.marinespecies.org/aphia.php?p=taxdetails&id=883 on 2021-01-15
824831,560921,CNIDARIAN cf. Narcomedusae,MovingImage,HumanObservation,ONCS,present,Narcomedusae,Narcomedusae,stet.,urn:lsid:marinespecies.org:taxname:16349,"Haeckel, 1879",ICZN,Family,,https://data.oceannetworks.ca/SeaTubeV3?resourceTypeId=660&resourceId=1950&time=2018-07-29T18:18:47.000Z&annotationId=560921,ONCS,,"Schuchert, P. (2021). World Hydrozoa Database. Narcomedusae. Accessed through: World Register of Marine Species at: http://www.marinespecies.org/aphia.php?p=taxdetails&id=16349 on 2021-01-15"
824881,560951,ARTHROPOD shrimp,MovingImage,HumanObservation,ONCS,present,Krill,Euphausiacea,stet.,urn:lsid:marinespecies.org:taxname:1128,"Dana, 1852",ICZN,Family,,https://data.oceannetworks.ca/SeaTubeV3?resourceTypeId=660&resourceId=1950&time=2018-07-29T18:20:00.000Z&annotationId=560951,ONCS,,"Siegel, V. (Ed) (2021). World Euphausiacea Database. Euphausiacea. Accessed through: World Register of Marine Species at: https://www.marinespecies.org/aphia.php?p=taxdetails&id=1128 on 2021-01-15"
824901,560971,ARTHROPOD shrimp,MovingImage,HumanObservation,ONCS,present,Krill,Euphausiacea,stet.,urn:lsid:marinespecies.org:taxname:1128,"Dana, 1852",ICZN,Family,,https://data.oceannetworks.ca/SeaTubeV3?resourceTypeId=660&resourceId=1950&time=2018-07-29T18:20:31.000Z&annotationId=560971,ONCS,,"Siegel, V. (Ed) (2021). World Euphausiacea Database. Euphausiacea. Accessed through: World Register of Marine Species at: https://www.marinespecies.org/aphia.php?p=taxdetails&id=1128 on 2021-01-15"
824951,561001,CNIDARIAN jellyfish,MovingImage,HumanObservation,ONCS,present,Jellyfish,Cnidaria,stet.,urn:lsid:marinespecies.org:taxname:1267,"Hatschek, 1888",ICZN,Class,,https://data.oceannetworks.ca/SeaTubeV3?resourceTypeId=660&resourceId=1950&time=2018-07-29T18:21:06.000Z&annotationId=561001,ONCS,,WoRMS (2021). Cnidaria. Accessed at: https://www.marinespecies.org/aphia.php?p=taxdetails&id=1267 on 2021-01-15
824971,561011,CNIDARIAN Narcomedusae [5 secs ago],MovingImage,HumanObservation,ONCS,present,Narcomedusae ,Euphausiacea,stet.,urn:lsid:marinespecies.org:taxname:1128,"Dana, 1852",ICZN,Family,,https://data.oceannetworks.ca/SeaTubeV3?resourceTypeId=660&resourceId=1950&time=2018-07-29T18:21:43.000Z&annotationId=561011,ONCS,,"Siegel, V. (Ed) (2021). World Euphausiacea Database. Euphausiacea. Accessed through: World Register of Marine Species at: https://www.marinespecies.org/aphia.php?p=taxdetails&id=1128 on 2021-01-15"
824981,561021,ARTHROPOD shrimp,MovingImage,HumanObservation,ONCS,present,Krill,Euphausiacea,stet.,urn:lsid:marinespecies.org:taxname:1128,"Dana, 1852",ICZN,Family,,https://data.oceannetworks.ca/SeaTubeV3?resourceTypeId=660&resourceId=1950&time=2018-07-29T18:22:27.000Z&annotationId=561021,ONCS,,"Siegel, V. (Ed) (2021). World Euphausiacea Database. Euphausiacea. Accessed through: World Register of Marine Species at: https://www.marinespecies.org/aphia.php?p=taxdetails&id=1128 on 2021-01-15"
825001,561041,ARTHROPOD shrimp,MovingImage,HumanObservation,ONCS,present,Krill,Euphausiacea,stet.,urn:lsid:marinespecies.org:taxname:1128,"Dana, 1852",ICZN,Family,,https://data.oceannetworks.ca/SeaTubeV3?resourceTypeId=660&resourceId=1950&time=2018-07-29T18:22:41.000Z&annotationId=561041,ONCS,,"Siegel, V. (Ed) (2021). World Euphausiacea Database. Euphausiacea. Accessed through: World Register of Marine Species at: https://www.marinespecies.org/aphia.php?p=taxdetails&id=1128 on 2021-01-15"
825031,561051,ARTHROPOD shrimp,MovingImage,HumanObservation,ONCS,present,Krill,Euphausiacea,stet.,urn:lsid:marinespecies.org:taxname:1128,"Dana, 1852",ICZN,Family,,https://data.oceannetworks.ca/SeaTubeV3?resourceTypeId=660&resourceId=1950&time=2018-07-29T18:23:46.000Z&annotationId=561051,ONCS,,"Siegel, V. (Ed) (2021). World Euphausiacea Database. Euphausiacea. Accessed through: World Register of Marine Species at: https://www.marinespecies.org/aphia.php?p=taxdetails&id=1128 on 2021-01-15"
825041,561061,CHORDATE Salp house; Myctophidae,MovingImage,HumanObservation,ONCS,present,Salp,Thalia democratica,stet.,urn:lsid:marinespecies.org:taxname:137279,"(Forskål, 1775)",ICZN,Forma,,https://data.oceannetworks.ca/SeaTubeV3?resourceTypeId=660&resourceId=1950&time=2018-07-29T18:24:18.000Z&annotationId=561061,ONCS,,"Madin, L. (2021). World List of Thaliacea. Thalia democratica (Forskål, 1775). Accessed through: World Register of Marine Species at: https://www.marinespecies.org/aphia.php?p=taxdetails&id=137279 on 2021-01-15"
825071,561091,MOLLUSC squid,MovingImage,HumanObservation,ONCS,present,Squid,Coleoidea,stet.,urn:lsid:marinespecies.org:taxname:11709,"Bather, 1888",ICZN,Superorder,,https://data.oceannetworks.ca/SeaTubeV3?resourceTypeId=660&resourceId=1950&time=2018-07-29T18:24:54.000Z&annotationId=561091,ONCS,,MolluscaBase eds. (2021). MolluscaBase. Coleoidea. Accessed through: World Register of Marine Species at: http://www.marinespecies.org/aphia.php?p=taxdetails&id=11709 on 2021-01-15
825081,561101,MOLLUSC squid [zooms right by camera],MovingImage,HumanObservation,ONCS,present,Squid ,Coleoidea,stet.,urn:lsid:marinespecies.org:taxname:11709,"Bather, 1888",ICZN,Superorder,zooms right by camera,https://data.oceannetworks.ca/SeaTubeV3?resourceTypeId=660&resourceId=1950&time=2018-07-29T18:25:10.000Z&annotationId=561101,ONCS,,MolluscaBase eds. (2021). MolluscaBase. Coleoidea. Accessed through: World Register of Marine Species at: http://www.marinespecies.org/aphia.php?p=taxdetails&id=11709 on 2021-01-15
825111,561121,ARTHROPOD shrimp,MovingImage,HumanObservation,ONCS,present,Krill,Euphausiacea,stet.,urn:lsid:marinespecies.org:taxname:1128,"Dana, 1852",ICZN,Family,,https://data.oceannetworks.ca/SeaTubeV3?resourceTypeId=660&resourceId=1950&time=2018-07-29T18:25:41.000Z&annotationId=561121,ONCS,,"Siegel, V. (Ed) (2021). World Euphausiacea Database. Euphausiacea. Accessed through: World Register of Marine Species at: https://www.marinespecies.org/aphia.php?p=taxdetails&id=1128 on 2021-01-15"
825121,561131,ARTHROPOD shrimp,MovingImage,HumanObservation,ONCS,present,Krill,Euphausiacea,stet.,urn:lsid:marinespecies.org:taxname:1128,"Dana, 1852",ICZN,Family,,https://data.oceannetworks.ca/SeaTubeV3?resourceTypeId=660&resourceId=1950&time=2018-07-29T18:26:07.000Z&annotationId=561131,ONCS,,"Siegel, V. (Ed) (2021). World Euphausiacea Database. Euphausiacea. Accessed through: World Register of Marine Species at: https://www.marinespecies.org/aphia.php?p=taxdetails&id=1128 on 2021-01-15"
825151,561151,ARTHROPOD shrimp,MovingImage,HumanObservation,ONCS,present,Krill,Euphausiacea,stet.,urn:lsid:marinespecies.org:taxname:1128,"Dana, 1852",ICZN,Family,,https://data.oceannetworks.ca/SeaTubeV3?resourceTypeId=660&resourceId=1950&time=2018-07-29T18:26:45.000Z&annotationId=561151,ONCS,,"Siegel, V. (Ed) (2021). World Euphausiacea Database. Euphausiacea. Accessed through: World Register of Marine Species at: https://www.marinespecies.org/aphia.php?p=taxdetails&id=1128 on 2021-01-15"
825161,561161,ARTHROPOD shrimp,MovingImage,HumanObservation,ONCS,present,Krill,Euphausiacea,stet.,urn:lsid:marinespecies.org:taxname:1128,"Dana, 1852",ICZN,Family,,https://data.oceannetworks.ca/SeaTubeV3?resourceTypeId=660&resourceId=1950&time=2018-07-29T18:27:23.000Z&annotationId=561161,ONCS,,"Siegel, V. (Ed) (2021). World Euphausiacea Database. Euphausiacea. Accessed through: World Register of Marine Species at: https://www.marinespecies.org/aphia.php?p=taxdetails&id=1128 on 2021-01-15"
825181,561181,ARTHROPOD shrimp,MovingImage,HumanObservation,ONCS,present,Krill,Euphausiacea,stet.,urn:lsid:marinespecies.org:taxname:1128,"Dana, 1852",ICZN,Family,,https://data.oceannetworks.ca/SeaTubeV3?resourceTypeId=660&resourceId=1950&time=2018-07-29T18:28:25.000Z&annotationId=561181,ONCS,,"Siegel, V. (Ed) (2021). World Euphausiacea Database. Euphausiacea. Accessed through: World Register of Marine Species at: https://www.marinespecies.org/aphia.php?p=taxdetails&id=1128 on 2021-01-15"
825221,561221,CHORDATE Myctophidae,MovingImage,HumanObservation,ONCS,present,Myctophidae,Myctophidae,stet.,urn:lsid:marinespecies.org:taxname:125498,"Gill, 1893",ICZN,Genus,,https://data.oceannetworks.ca/SeaTubeV3?resourceTypeId=660&resourceId=1950&time=2018-07-29T18:30:12.000Z&annotationId=561221,ONCS,,"Froese, R. and D. Pauly. Editors. (2021). FishBase. Myctophidae Gill, 1893. Accessed through: World Register of Marine Species at: http://www.marinespecies.org/aphia.php?p=taxdetails&id=125498 on 2021-01-15"
825271,561271,CHORDATE Myctophidae,MovingImage,HumanObservation,ONCS,present,Myctophidae,Myctophidae,stet.,urn:lsid:marinespecies.org:taxname:125498,"Gill, 1893",ICZN,Genus,,https://data.oceannetworks.ca/SeaTubeV3?resourceTypeId=660&resourceId=1950&time=2018-07-29T18:33:02.000Z&annotationId=561271,ONCS,,"Froese, R. and D. Pauly. Editors. (2021). FishBase. Myctophidae Gill, 1893. Accessed through: World Register of Marine Species at: http://www.marinespecies.org/aphia.php?p=taxdetails&id=125498 on 2021-01-15"
825301,561291,ARTHROPOD shrimp,MovingImage,HumanObservation,ONCS,present,Krill,Euphausiacea,stet.,urn:lsid:marinespecies.org:taxname:1128,"Dana, 1852",ICZN,Family,,https://data.oceannetworks.ca/SeaTubeV3?resourceTypeId=660&resourceId=1950&time=2018-07-29T18:34:11.000Z&annotationId=561291,ONCS,,"Siegel, V. (Ed) (2021). World Euphausiacea Database. Euphausiacea. Accessed through: World Register of Marine Species at: https://www.marinespecies.org/aphia.php?p=taxdetails&id=1128 on 2021-01-15"
825331,561321,ARTHROPOD Aristeid shrimp,MovingImage,HumanObservation,ONCS,present,Aristeid Krill,Aristeidae,stet.,urn:lsid:marinespecies.org:taxname:106725,"Wood-Mason in Wood-Mason & Alcock, 1891",ICZN,Genus,,https://data.oceannetworks.ca/SeaTubeV3?resourceTypeId=660&resourceId=1950&time=2018-07-29T18:35:00.000Z&annotationId=561321,ONCS,,"WoRMS (2021). Aristeidae Wood-Mason in Wood-Mason & Alcock, 1891. Accessed at: https://www.marinespecies.org/aphia.php?p=taxdetails&id=106725 on 2021-01-15"
825371,561361,CHORDATE Myctophidae,MovingImage,HumanObservation,ONCS,present,Myctophidae,Myctophidae,stet.,urn:lsid:marinespecies.org:taxname:125498,"Gill, 1893",ICZN,Genus,,https://data.oceannetworks.ca/SeaTubeV3?resourceTypeId=660&resourceId=1950&time=2018-07-29T18:36:35.000Z&annotationId=561361,ONCS,,"Froese, R. and D. Pauly. Editors. (2021). FishBase. Myctophidae Gill, 1893. Accessed through: World Register of Marine Species at: http://www.marinespecies.org/aphia.php?p=taxdetails&id=125498 on 2021-01-15"
825411,561401,CNIDARIAN dinner plate jellyfish (Solmissus sp.),MovingImage,HumanObservation,ONCS,present,Solmissus sp.,Solmissus,stet.,urn:lsid:marinespecies.org:taxname:117074,"Haeckel, 1879",ICZN,Species,,https://data.oceannetworks.ca/SeaTubeV3?resourceTypeId=660&resourceId=1950&time=2018-07-29T18:37:27.000Z&annotationId=561401,ONCS,,"Schuchert, P. (2021). World Hydrozoa Database. Solmissus Haeckel, 1879. Accessed through: World Register of Marine Species at: http://www.marinespecies.org/aphia.php?p=taxdetails&id=117074 on 2021-01-15"
825451,561431,CHORDATE Myctophidae [Dense layer],MovingImage,HumanObservation,ONCS,present,Myctophidae ,Myctophidae,stet.,urn:lsid:marinespecies.org:taxname:125498,"Gill, 1893",ICZN,Genus,Dense layer,https://data.oceannetworks.ca/SeaTubeV3?resourceTypeId=660&resourceId=1950&time=2018-07-29T18:39:38.000Z&annotationId=561431,ONCS,,"Froese, R. and D. Pauly. Editors. (2021). FishBase. Myctophidae Gill, 1893. Accessed through: World Register of Marine Species at: http://www.marinespecies.org/aphia.php?p=taxdetails&id=125498 on 2021-01-15"
825471,561451,CHORDATE Myctophidae,MovingImage,HumanObservation,ONCS,present,Myctophidae,Myctophidae,stet.,urn:lsid:marinespecies.org:taxname:125498,"Gill, 1893",ICZN,Genus,,https://data.oceannetworks.ca/SeaTubeV3?resourceTypeId=660&resourceId=1950&time=2018-07-29T18:42:00.000Z&annotationId=561451,ONCS,,"Froese, R. and D. Pauly. Editors. (2021). FishBase. Myctophidae Gill, 1893. Accessed through: World Register of Marine Species at: http://www.marinespecies.org/aphia.php?p=taxdetails&id=125498 on 2021-01-15"
825491,561471,MOLLUSC Squids,MovingImage,HumanObservation,ONCS,present,Squid,Coleoidea,stet.,urn:lsid:marinespecies.org:taxname:11709,"Bather, 1888",ICZN,Superorder,,https://data.oceannetworks.ca/SeaTubeV3?resourceTypeId=660&resourceId=1950&time=2018-07-29T18:42:17.000Z&annotationId=561471,ONCS,,MolluscaBase eds. (2021). MolluscaBase. Coleoidea. Accessed through: World Register of Marine Species at: http://www.marinespecies.org/aphia.php?p=taxdetails&id=11709 on 2021-01-15
825521,561481,CHORDATE Myctophidae [with a parasite],MovingImage,HumanObservation,ONCS,present,Myctophidae ,Myctophidae,stet.,urn:lsid:marinespecies.org:taxname:125498,"Gill, 1893",ICZN,Genus,with a parasite,https://data.oceannetworks.ca/SeaTubeV3?resourceTypeId=660&resourceId=1950&time=2018-07-29T18:43:02.000Z&annotationId=561481,ONCS,,"Froese, R. and D. Pauly. Editors. (2021). FishBase. Myctophidae Gill, 1893. Accessed through: World Register of Marine Species at: http://www.marinespecies.org/aphia.php?p=taxdetails&id=125498 on 2021-01-15"
825581,561531,CHORDATE Larvacean house,MovingImage,HumanObservation,ONCS,present,Larvacean,Appendicularia,stet.,urn:lsid:marinespecies.org:taxname:146421,,ICZN,Order,,https://data.oceannetworks.ca/SeaTubeV3?resourceTypeId=660&resourceId=1950&time=2018-07-29T18:46:21.000Z&annotationId=561531,ONCS,,"Hopcroft, R. (2021). World List of Appendicularia. Appendicularia. Accessed through: World Register of Marine Species at: http://www.marinespecies.org/aphia.php?p=taxdetails&id=146421 on 2021-01-15"
825561,561521,"CHORDATE fish [multiple species, same myctophidae variety seen previously, another that is long, skinny and translucent]",MovingImage,HumanObservation,ONCS,present,Fish ,Actinopterygii,stet.,urn:lsid:marinespecies.org:taxname:10194,,ICZN,Order,"multiple species, same myctophidae variety seen previously, another that is long, skinny and translucent",https://data.oceannetworks.ca/SeaTubeV3?resourceTypeId=660&resourceId=1950&time=2018-07-29T18:46:21.000Z&annotationId=561521,ONCS,,WoRMS (2021). Actinopterygii. Accessed at: http://www.marinespecies.org/aphia.php?p=taxdetails&id=10194 on 2021-01-15
825631,561561,CHORDATE Myctophidae [still going through tick Myctophidae layer],MovingImage,HumanObservation,ONCS,present,Myctophidae ,Myctophidae,stet.,urn:lsid:marinespecies.org:taxname:125498,"Gill, 1893",ICZN,Genus,still going through tick Myctophidae layer,https://data.oceannetworks.ca/SeaTubeV3?resourceTypeId=660&resourceId=1950&time=2018-07-29T18:48:46.000Z&annotationId=561561,ONCS,,"Froese, R. and D. Pauly. Editors. (2021). FishBase. Myctophidae Gill, 1893. Accessed through: World Register of Marine Species at: http://www.marinespecies.org/aphia.php?p=taxdetails&id=125498 on 2021-01-15"
825651,561581,CHORDATE Larvacean house,MovingImage,HumanObservation,ONCS,present,Larvacean,Appendicularia,stet.,urn:lsid:marinespecies.org:taxname:146421,,ICZN,Order,,https://data.oceannetworks.ca/SeaTubeV3?resourceTypeId=660&resourceId=1950&time=2018-07-29T18:50:28.000Z&annotationId=561581,ONCS,,"Hopcroft, R. (2021). World List of Appendicularia. Appendicularia. Accessed through: World Register of Marine Species at: http://www.marinespecies.org/aphia.php?p=taxdetails&id=146421 on 2021-01-15"
825641,561571,MOLLUSC squid,MovingImage,HumanObservation,ONCS,present,Squid,Coleoidea,stet.,urn:lsid:marinespecies.org:taxname:11709,"Bather, 1888",ICZN,Superorder,,https://data.oceannetworks.ca/SeaTubeV3?resourceTypeId=660&resourceId=1950&time=2018-07-29T18:50:28.000Z&annotationId=561571,ONCS,,MolluscaBase eds. (2021). MolluscaBase. Coleoidea. Accessed through: World Register of Marine Species at: http://www.marinespecies.org/aphia.php?p=taxdetails&id=11709 on 2021-01-15
825691,561611,MOLLUSC squid,MovingImage,HumanObservation,ONCS,present,Squid,Coleoidea,stet.,urn:lsid:marinespecies.org:taxname:11709,"Bather, 1888",ICZN,Superorder,,https://data.oceannetworks.ca/SeaTubeV3?resourceTypeId=660&resourceId=1950&time=2018-07-29T18:51:58.000Z&annotationId=561611,ONCS,,MolluscaBase eds. (2021). MolluscaBase. Coleoidea. Accessed through: World Register of Marine Species at: http://www.marinespecies.org/aphia.php?p=taxdetails&id=11709 on 2021-01-15
825701,561621,MOLLUSC squid,MovingImage,HumanObservation,ONCS,present,Squid,Coleoidea,stet.,urn:lsid:marinespecies.org:taxname:11709,"Bather, 1888",ICZN,Superorder,,https://data.oceannetworks.ca/SeaTubeV3?resourceTypeId=660&resourceId=1950&time=2018-07-29T18:53:04.000Z&annotationId=561621,ONCS,,MolluscaBase eds. (2021). MolluscaBase. Coleoidea. Accessed through: World Register of Marine Species at: http://www.marinespecies.org/aphia.php?p=taxdetails&id=11709 on 2021-01-15
825711,561631,MOLLUSC cf. Humbolt squid (Dosidicus gigas),MovingImage,HumanObservation,ONCS,present,Dosidicus gigas,Dosidicus gigas,stet.,urn:lsid:marinespecies.org:taxname:342291,"(dOrbigny [in 1834-1847], 1835)",ICZN,,,https://data.oceannetworks.ca/SeaTubeV3?resourceTypeId=660&resourceId=1950&time=2018-07-29T18:54:05.000Z&annotationId=561631,ONCS,,"MolluscaBase eds. (2021). MolluscaBase. Dosidicus gigas (d'Orbigny [in 1834-1847], 1835). Accessed through: World Register of Marine Species at: http://www.marinespecies.org/aphia.php?p=taxdetails&id=342291 on 2021-01-15"
825731,561651,CHORDATE Salp house,MovingImage,HumanObservation,ONCS,present,Salp,Thalia democratica,stet.,urn:lsid:marinespecies.org:taxname:137279,"(Forskål, 1775)",ICZN,Forma,,https://data.oceannetworks.ca/SeaTubeV3?resourceTypeId=660&resourceId=1950&time=2018-07-29T18:54:55.000Z&annotationId=561651,ONCS,,"Madin, L. (2021). World List of Thaliacea. Thalia democratica (Forskål, 1775). Accessed through: World Register of Marine Species at: https://www.marinespecies.org/aphia.php?p=taxdetails&id=137279 on 2021-01-15"
825751,561671,ARTHROPOD copepod,MovingImage,HumanObservation,ONCS,present,Copepod,Copepoda,stet.,urn:lsid:marinespecies.org:taxname:1080,"Milne Edwards, 1840",ICZN,Order,,https://data.oceannetworks.ca/SeaTubeV3?resourceTypeId=660&resourceId=1950&time=2018-07-29T18:55:34.000Z&annotationId=561671,ONCS,,WoRMS (2021). Copepoda. Accessed at: http://www.marinespecies.org/aphia.php?p=taxdetails&id=1080 on 2021-01-15
825771,561681,CHORDATE Unidentified fish,MovingImage,HumanObservation,ONCS,present,Unidentified fish,Actinopterygii,stet.,urn:lsid:marinespecies.org:taxname:10194,,ICZN,Order,,https://data.oceannetworks.ca/SeaTubeV3?resourceTypeId=660&resourceId=1950&time=2018-07-29T18:55:47.000Z&annotationId=561681,ONCS,,WoRMS (2021). Actinopterygii. Accessed at: http://www.marinespecies.org/aphia.php?p=taxdetails&id=10194 on 2021-01-15
825811,561711,CHORDATE Myctophidae,MovingImage,HumanObservation,ONCS,present,Myctophidae,Myctophidae,stet.,urn:lsid:marinespecies.org:taxname:125498,"Gill, 1893",ICZN,Genus,,https://data.oceannetworks.ca/SeaTubeV3?resourceTypeId=660&resourceId=1950&time=2018-07-29T18:58:23.000Z&annotationId=561711,ONCS,,"Froese, R. and D. Pauly. Editors. (2021). FishBase. Myctophidae Gill, 1893. Accessed through: World Register of Marine Species at: http://www.marinespecies.org/aphia.php?p=taxdetails&id=125498 on 2021-01-15"
825871,561761,CNIDARIAN jellyfish,MovingImage,HumanObservation,ONCS,present,Jellyfish,Cnidaria,stet.,urn:lsid:marinespecies.org:taxname:1267,"Hatschek, 1888",ICZN,Class,,https://data.oceannetworks.ca/SeaTubeV3?resourceTypeId=660&resourceId=1950&time=2018-07-29T19:00:37.000Z&annotationId=561761,ONCS,,WoRMS (2021). Cnidaria. Accessed at: https://www.marinespecies.org/aphia.php?p=taxdetails&id=1267 on 2021-01-15
825891,561781,CNIDARIAN jellyfish (cf. Poralia sp.),MovingImage,HumanObservation,ONCS,present,Poralia sp.,Poralia,stet.,urn:lsid:marinespecies.org:taxname:135267,"Vanhöffen, 1902",ICZN,Species,,https://data.oceannetworks.ca/SeaTubeV3?resourceTypeId=660&resourceId=1950&time=2018-07-29T19:01:05.000Z&annotationId=561781,ONCS,,"Collins, A. G.; Jarms, G.; Morandini, A. C. (2021). World List of Scyphozoa. Poralia Vanhöffen, 1902. Accessed through: World Register of Marine Species at: http://www.marinespecies.org/aphia.php?p=taxdetails&id=135267 on 2021-01-15"
825911,561801,ARTHROPOD Amphipod,MovingImage,HumanObservation,ONCS,present,Amphipod,Amphipoda,stet.,urn:lsid:marinespecies.org:taxname:1135,"Latreille, 1816",ICZN,Suborder,,https://data.oceannetworks.ca/SeaTubeV3?resourceTypeId=660&resourceId=1950&time=2018-07-29T19:02:05.000Z&annotationId=561801,ONCS,,"Horton, T.; Lowry, J.; De Broyer, C.; Bellan-Santini, D.; Coleman, C.O.; Corbari, L.; Costello, M.J.; Daneliya, M.; Dauvin, J.-C.; Fišer, C.; Gasca, R.; Grabowski, M.; Guerra-García, J.M.; Hendrycks, E.; Hughes, L.; Jaume, D.; Jazdzewski, K.; Kim, Y.-H.; King, R.; Krapp-Schickel, T.; LeCroy, S.; Lörz, A.-N.; Mamos, T.; Senna, A.R.; Serejo, C.; Sket, B.; Souza-Filho, J.F.; Tandberg, A.H.; Thomas, J.D.; Thurston, M.; Vader, W.; Väinölä, R.; Vonk, R.; White, K.; Zeidler, W. (2021). World Amphipoda Database. Amphipoda. Accessed through: World Register of Marine Species at: https://www.marinespecies.org/aphia.php?p=taxdetails&id=1135 on 2021-01-15"
825931,561811,CNIDARIAN jellyfish (cf. Poralia sp.),MovingImage,HumanObservation,ONCS,present,Poralia sp.,Poralia,stet.,urn:lsid:marinespecies.org:taxname:135267,"Vanhöffen, 1902",ICZN,Species,,https://data.oceannetworks.ca/SeaTubeV3?resourceTypeId=660&resourceId=1950&time=2018-07-29T19:02:30.000Z&annotationId=561811,ONCS,,"Collins, A. G.; Jarms, G.; Morandini, A. C. (2021). World List of Scyphozoa. Poralia Vanhöffen, 1902. Accessed through: World Register of Marine Species at: http://www.marinespecies.org/aphia.php?p=taxdetails&id=135267 on 2021-01-15"
825961,561841,CNIDARIAN siphonophore,MovingImage,HumanObservation,ONCS,present,Siphonophore,Siphonophorae,stet.,urn:lsid:marinespecies.org:taxname:1371,"Eschscholtz, 1829",ICZN,Suborder,,https://data.oceannetworks.ca/SeaTubeV3?resourceTypeId=660&resourceId=1950&time=2018-07-29T19:04:07.000Z&annotationId=561841,ONCS,,"Schuchert, P. (2021). World Hydrozoa Database. Siphonophorae. Accessed through: World Register of Marine Species at: http://marinespecies.org/aphia.php?p=taxdetails&id=1371 on 2021-01-15"
826011,561881,ARTHROPOD shrimp,MovingImage,HumanObservation,ONCS,present,Krill,Euphausiacea,stet.,urn:lsid:marinespecies.org:taxname:1128,"Dana, 1852",ICZN,Family,,https://data.oceannetworks.ca/SeaTubeV3?resourceTypeId=660&resourceId=1950&time=2018-07-29T19:07:56.000Z&annotationId=561881,ONCS,,"Siegel, V. (Ed) (2021). World Euphausiacea Database. Euphausiacea. Accessed through: World Register of Marine Species at: https://www.marinespecies.org/aphia.php?p=taxdetails&id=1128 on 2021-01-15"
826041,561911,CNIDARIAN dinner plate jellyfish (Solmissus sp.),MovingImage,HumanObservation,ONCS,present,Solmissus sp.,Solmissus,stet.,urn:lsid:marinespecies.org:taxname:117074,"Haeckel, 1879",ICZN,Species,,https://data.oceannetworks.ca/SeaTubeV3?resourceTypeId=660&resourceId=1950&time=2018-07-29T19:10:25.000Z&annotationId=561911,ONCS,,"Schuchert, P. (2021). World Hydrozoa Database. Solmissus Haeckel, 1879. Accessed through: World Register of Marine Species at: http://www.marinespecies.org/aphia.php?p=taxdetails&id=117074 on 2021-01-15"
826061,561921,CNIDARIAN jellyfish (cf. Voragonema sp.),MovingImage,HumanObservation,ONCS,present,Voragonema sp.,Pectis,stet.,urn:lsid:marinespecies.org:taxname:231550,"Haeckel, 1879",ICZN,Species,,https://data.oceannetworks.ca/SeaTubeV3?resourceTypeId=660&resourceId=1950&time=2018-07-29T19:10:48.000Z&annotationId=561921,ONCS,,"Schuchert, P. (2021). World Hydrozoa Database. Voragonema Naumov, 1971. Accessed through: World Register of Marine Species at: http://www.marinespecies.org/aphia.php?p=taxdetails&id=231550 on 2021-01-15"
826091,561951,ARTHROPOD Isopod,MovingImage,HumanObservation,ONCS,present,Isopod,Isopoda,stet.,urn:lsid:marinespecies.org:taxname:1131,"Latreille, 1817",ICZN,Suborder,,https://data.oceannetworks.ca/SeaTubeV3?resourceTypeId=660&resourceId=1950&time=2018-07-29T19:14:06.000Z&annotationId=561951,ONCS,,WoRMS (2021). Isopoda. Accessed at: http://www.marinespecies.org/aphia.php?p=taxdetails&id=1131 on 2021-01-15
826121,561971,ARTHROPOD Copepod,MovingImage,HumanObservation,ONCS,present,Copepod,Copepoda,stet.,urn:lsid:marinespecies.org:taxname:1080,"Milne Edwards, 1840",ICZN,Order,,https://data.oceannetworks.ca/SeaTubeV3?resourceTypeId=660&resourceId=1950&time=2018-07-29T19:16:09.000Z&annotationId=561971,ONCS,,WoRMS (2021). Copepoda. Accessed at: http://www.marinespecies.org/aphia.php?p=taxdetails&id=1080 on 2021-01-15
826151,561991,ARTHROPOD cf. Amphipods,MovingImage,HumanObservation,ONCS,present,Amphipods,Amphipoda,stet.,urn:lsid:marinespecies.org:taxname:1135,"Latreille, 1816",ICZN,Suborder,,https://data.oceannetworks.ca/SeaTubeV3?resourceTypeId=660&resourceId=1950&time=2018-07-29T19:17:51.000Z&annotationId=561991,ONCS,,"Horton, T.; Lowry, J.; De Broyer, C.; Bellan-Santini, D.; Coleman, C.O.; Corbari, L.; Costello, M.J.; Daneliya, M.; Dauvin, J.-C.; Fišer, C.; Gasca, R.; Grabowski, M.; Guerra-García, J.M.; Hendrycks, E.; Hughes, L.; Jaume, D.; Jazdzewski, K.; Kim, Y.-H.; King, R.; Krapp-Schickel, T.; LeCroy, S.; Lörz, A.-N.; Mamos, T.; Senna, A.R.; Serejo, C.; Sket, B.; Souza-Filho, J.F.; Tandberg, A.H.; Thomas, J.D.; Thurston, M.; Vader, W.; Väinölä, R.; Vonk, R.; White, K.; Zeidler, W. (2021). World Amphipoda Database. Amphipoda. Accessed through: World Register of Marine Species at: https://www.marinespecies.org/aphia.php?p=taxdetails&id=1135 on 2021-01-15"
826181,562021,CNIDARIAN siphonophore,MovingImage,HumanObservation,ONCS,present,Siphonophore,Siphonophorae,stet.,urn:lsid:marinespecies.org:taxname:1371,"Eschscholtz, 1829",ICZN,Suborder,,https://data.oceannetworks.ca/SeaTubeV3?resourceTypeId=660&resourceId=1950&time=2018-07-29T19:18:51.000Z&annotationId=562021,ONCS,,"Schuchert, P. (2021). World Hydrozoa Database. Siphonophorae. Accessed through: World Register of Marine Species at: http://marinespecies.org/aphia.php?p=taxdetails&id=1371 on 2021-01-15"
826211,562051,CNIDARIAN siphonophore,MovingImage,HumanObservation,ONCS,present,Siphonophore,Siphonophorae,stet.,urn:lsid:marinespecies.org:taxname:1371,"Eschscholtz, 1829",ICZN,Suborder,,https://data.oceannetworks.ca/SeaTubeV3?resourceTypeId=660&resourceId=1950&time=2018-07-29T19:19:59.000Z&annotationId=562051,ONCS,,"Schuchert, P. (2021). World Hydrozoa Database. Siphonophorae. Accessed through: World Register of Marine Species at: http://marinespecies.org/aphia.php?p=taxdetails&id=1371 on 2021-01-15"
826221,562061,CHORDATE Larvacean house,MovingImage,HumanObservation,ONCS,present,Larvacean,Appendicularia,stet.,urn:lsid:marinespecies.org:taxname:146421,,ICZN,Order,,https://data.oceannetworks.ca/SeaTubeV3?resourceTypeId=660&resourceId=1950&time=2018-07-29T19:22:52.000Z&annotationId=562061,ONCS,,"Hopcroft, R. (2021). World List of Appendicularia. Appendicularia. Accessed through: World Register of Marine Species at: http://www.marinespecies.org/aphia.php?p=taxdetails&id=146421 on 2021-01-15"
826261,562091,ARTHROPOD Isopod,MovingImage,HumanObservation,ONCS,present,Isopod,Isopoda,stet.,urn:lsid:marinespecies.org:taxname:1131,"Latreille, 1817",ICZN,Suborder,,https://data.oceannetworks.ca/SeaTubeV3?resourceTypeId=660&resourceId=1950&time=2018-07-29T19:25:40.000Z&annotationId=562091,ONCS,,WoRMS (2021). Isopoda. Accessed at: http://www.marinespecies.org/aphia.php?p=taxdetails&id=1131 on 2021-01-15
826281,562111,CNIDARIAN Unidentified jellyfish!,MovingImage,HumanObservation,ONCS,present,Unidentified Jellyfish!,Cnidaria,stet.,urn:lsid:marinespecies.org:taxname:1267,"Hatschek, 1888",ICZN,Class,,https://data.oceannetworks.ca/SeaTubeV3?resourceTypeId=660&resourceId=1950&time=2018-07-29T19:26:53.000Z&annotationId=562111,ONCS,,WoRMS (2021). Cnidaria. Accessed at: https://www.marinespecies.org/aphia.php?p=taxdetails&id=1267 on 2021-01-15
826321,562131,CNIDARIAN cf. Narcomedusae,MovingImage,HumanObservation,ONCS,present,Narcomedusae,Narcomedusae,stet.,urn:lsid:marinespecies.org:taxname:16349,"Haeckel, 1879",ICZN,Family,,https://data.oceannetworks.ca/SeaTubeV3?resourceTypeId=660&resourceId=1950&time=2018-07-29T19:28:30.000Z&annotationId=562131,ONCS,,"Schuchert, P. (2021). World Hydrozoa Database. Narcomedusae. Accessed through: World Register of Marine Species at: http://www.marinespecies.org/aphia.php?p=taxdetails&id=16349 on 2021-01-15"
826331,562141,ARTHROPOD Shrimp,MovingImage,HumanObservation,ONCS,present,Krill,Euphausiacea,stet.,urn:lsid:marinespecies.org:taxname:1128,"Dana, 1852",ICZN,Family,,https://data.oceannetworks.ca/SeaTubeV3?resourceTypeId=660&resourceId=1950&time=2018-07-29T19:29:25.000Z&annotationId=562141,ONCS,,"Siegel, V. (Ed) (2021). World Euphausiacea Database. Euphausiacea. Accessed through: World Register of Marine Species at: https://www.marinespecies.org/aphia.php?p=taxdetails&id=1128 on 2021-01-15"
826361,562171,ANNELID Polychaete,MovingImage,HumanObservation,ONCS,present,Polychaete,Polychaeta,stet.,urn:lsid:marinespecies.org:taxname:883,"Grube, 1850",ICZN,Subclass,,https://data.oceannetworks.ca/SeaTubeV3?resourceTypeId=660&resourceId=1950&time=2018-07-29T19:32:34.000Z&annotationId=562171,ONCS,,WoRMS (2021). Polychaeta. Accessed at: http://www.marinespecies.org/aphia.php?p=taxdetails&id=883 on 2021-01-15
832391,567931,ARTHROPOD crab,MovingImage,HumanObservation,ONCS,present,Crab,Malacostraca,stet.,urn:lsid:marinespecies.org:taxname:1071,"Latreille, 1802",ICZN,Subclass,,https://data.oceannetworks.ca/SeaTubeV3?resourceTypeId=660&resourceId=1950&time=2018-07-30T08:49:28.000Z&annotationId=567931,ONCS,,WoRMS (2021). Malacostraca. Accessed at: http://www.marinespecies.org/aphia.php?p=taxdetails&id=1071 on 2021-01-15
832401,567941,ARTHROPOD crab,MovingImage,HumanObservation,ONCS,present,Crab,Malacostraca,stet.,urn:lsid:marinespecies.org:taxname:1071,"Latreille, 1802",ICZN,Subclass,,https://data.oceannetworks.ca/SeaTubeV3?resourceTypeId=660&resourceId=1950&time=2018-07-30T08:50:10.000Z&annotationId=567941,ONCS,,WoRMS (2021). Malacostraca. Accessed at: http://www.marinespecies.org/aphia.php?p=taxdetails&id=1071 on 2021-01-15
832411,567951,CHORDATE thornyhead (Sebastolobus sp.),MovingImage,HumanObservation,ONCS,present,Sebastolobus sp.,Sebastolobus,stet.,urn:lsid:marinespecies.org:taxname:270859,"Gill, 1881",ICZN,Species,,https://data.oceannetworks.ca/SeaTubeV3?resourceTypeId=660&resourceId=1950&time=2018-07-30T08:50:11.000Z&annotationId=567951,ONCS,,"Froese, R. and D. Pauly. Editors. (2021). FishBase. Sebastolobus Gill, 1881. Accessed through: World Register of Marine Species at: http://www.marinespecies.org/aphia.php?p=taxdetails&id=270859 on 2021-01-15"
832421,567961,CHORDATE Rockfish,MovingImage,HumanObservation,ONCS,present,Rockfish,Malacostraca,stet.,urn:lsid:marinespecies.org:taxname:1071,"Latreille, 1802",ICZN,Subclass,,https://data.oceannetworks.ca/SeaTubeV3?resourceTypeId=660&resourceId=1950&time=2018-07-30T08:50:26.000Z&annotationId=567961,ONCS,,WoRMS (2021). Malacostraca. Accessed at: http://www.marinespecies.org/aphia.php?p=taxdetails&id=1071 on 2021-01-15
832441,567981,ARTHROPOD Crab,MovingImage,HumanObservation,ONCS,present,Crab,Malacostraca,stet.,urn:lsid:marinespecies.org:taxname:1071,"Latreille, 1802",ICZN,Subclass,,https://data.oceannetworks.ca/SeaTubeV3?resourceTypeId=660&resourceId=1950&time=2018-07-30T08:50:26.000Z&annotationId=567981,ONCS,,WoRMS (2021). Malacostraca. Accessed at: http://www.marinespecies.org/aphia.php?p=taxdetails&id=1071 on 2021-01-15
832451,567991,CHORDATE pyrosomes [dead],MovingImage,HumanObservation,ONCS,present,Pyrosome,Pyrosoma,stet.,urn:lsid:marinespecies.org:taxname:137224,"Péron, 1804",ICZN,Subgenus,dead,https://data.oceannetworks.ca/SeaTubeV3?resourceTypeId=660&resourceId=1950&time=2018-07-30T08:51:04.000Z&annotationId=567991,ONCS,,"Madin, L. (2021). World List of Thaliacea. Pyrosoma Péron, 1804. Accessed through: World Register of Marine Species at: http://www.marinespecies.org/aphia.php?p=taxdetails&id=137224 on 2021-01-15"
832481,568011,CNIDARIAN sea pen,MovingImage,HumanObservation,ONCS,present,Sea pen,Pennatulacea,stet.,urn:lsid:marinespecies.org:taxname:1367,"Verrill, 1865",ICZN,Suborder,,https://data.oceannetworks.ca/SeaTubeV3?resourceTypeId=660&resourceId=1950&time=2018-07-30T08:51:21.000Z&annotationId=568011,ONCS,,WoRMS (2021). Pennatulacea. Accessed at: http://www.marinespecies.org/aphia.php?p=taxdetails&id=1367 on 2021-01-15
832501,568031,CHORDATE pyrosomes [dead],MovingImage,HumanObservation,ONCS,present,Pyrosome,Pyrosoma,stet.,urn:lsid:marinespecies.org:taxname:137224,"Péron, 1804",ICZN,Subgenus,dead,https://data.oceannetworks.ca/SeaTubeV3?resourceTypeId=660&resourceId=1950&time=2018-07-30T08:52:48.000Z&annotationId=568031,ONCS,,"Madin, L. (2021). World List of Thaliacea. Pyrosoma Péron, 1804. Accessed through: World Register of Marine Species at: http://www.marinespecies.org/aphia.php?p=taxdetails&id=137224 on 2021-01-15"
832521,568041,ARTHROPOD shrimp,MovingImage,HumanObservation,ONCS,present,Krill,Euphausiacea,stet.,urn:lsid:marinespecies.org:taxname:1128,"Dana, 1852",ICZN,Family,,https://data.oceannetworks.ca/SeaTubeV3?resourceTypeId=660&resourceId=1950&time=2018-07-30T08:53:09.000Z&annotationId=568041,ONCS,,"Siegel, V. (Ed) (2021). World Euphausiacea Database. Euphausiacea. Accessed through: World Register of Marine Species at: https://www.marinespecies.org/aphia.php?p=taxdetails&id=1128 on 2021-01-15"
